hour,open,high,low,close,impact_p90,tier,base_250,base_500,base_1500,quote_250,quote_500,quote_1500
2026-09-09 12:00:00,0.11483909562085805,316.7518399897528,0.06451306474104668,145.23241815109154,1,Ghost,-54.81436687793591,-110.33610368778726,-336.0557220144006,14.128388476693116,15.006090408512735,18.225840301133125
2026-09-09 12:15:00,145.02911201084865,190.98994855203745,5.568275928913391,26.808575945606158,1,Ghost,-247.11208701819066,-497.41311281512566,-1534.9046292379196,241.04752010454985,473.4341231140069,1325.9179937315923
2026-09-09 12:30:00,26.87510478000183,30.257110690074658,0.5828526566241164,5.618393496863021,1,Ghost,-1251.117812498325,-2519.374759294876,-7781.357265678925,721.9257932918639,812.4176670604915,1145.8351427979228
2026-09-09 12:45:00,5.607534487747957,12.536923352050398,2.3664938118147556,4.227953127814522,1,Ghost,-211.91383414717728,-571.7281206324269,-24290.40809661785,212.90156253233837,421.8351683604254,1190.1618137589132
2026-09-09 13:00:00,4.256756961934294,6.420565453727788,3.319406668351643,3.7400702049834442,1,Ghost,-657.7171610258896,-1400.9366323756221,-6647.0991748196175,641.5756206365818,1265.4314534553246,3587.6378511892826
2026-09-09 13:15:00,3.7408630228682047,3.9336143563380626,1.5583503044343388,2.189963205274138,0.630730520398374,Ghost,-1763.5132167832528,-3543.8678541027625,-9299.80671208208,1773.0560056683203,3657.7793704647856,10838.296183104332
2026-09-09 13:30:00,2.191189923947626,2.6023868973283757,1.7163001748154378,1.792303107770295,0.14754004605045218,Very Thin,-2908.0043758697525,-5882.262580108679,-18331.126302296,2795.321046020565,4845.168815481233,10684.474124980437
2026-09-09 13:45:00,1.7924624366311066,1.946077616929161,1.1488387658994947,1.2389182218669108,0.1729795399690283,Very Thin,-1481.8980056577943,-2985.1077139603703,-34452.42642543791,1725.6537453657318,3411.2672496780156,9397.82750940805
2026-09-09 14:00:00,1.2409049277188733,1.7739054673024857,1.1791910007842246,1.6825439546019574,0.18300346894513736,Very Thin,-1700.9137548677218,-4040.32656634138,-44373.40344917801,1659.1703282098003,3259.050623228781,9646.982985983432
2026-09-09 14:15:00,1.6898193856533434,2.776022710177385,1.6303440894955672,2.26647050999146,0.15384201277257992,Very Thin,-1909.7094115066764,-11549.168953719318,-64521.12433121455,1890.1246342177076,3713.0644831106415,11223.586062531553
2026-09-09 14:30:00,2.2678642099004196,3.1123851717625115,2.237408244697339,2.6368727480560863,0.46336170888335304,Ghost,-1285.237102132981,-2224.1058615370366,-15826.989611764515,1317.0698393536118,2571.8709956476046,11148.338478511241
2026-09-09 14:45:00,2.649031029105067,2.749216745493556,1.7310572231608898,2.0081354106209566,0.19906587179780816,Very Thin,-2068.1622064103885,-4164.7896358743465,-24779.88382701885,1998.3297634851906,3920.6657899782613,10865.352168813983
2026-09-09 15:00:00,2.0072886879092438,2.177743933771712,1.5741073585987724,1.8974142908952887,0.12743108165510125,Very Thin,-2401.9067867646895,-4407.413616972362,-13927.482846036046,2342.766036472905,4597.990940880599,13676.584204189114
2026-09-09 15:15:00,1.8991579146258684,1.9896679424305717,1.860833080407778,1.8911719985612916,0.12637882894228963,Very Thin,-2626.6949927848336,-4930.741818631862,-49105.454601467616,2633.5011185188596,5186.206092279995,15846.38056974464
2026-09-09 15:30:00,1.8979666634191996,2.2044866398362015,1.8380737573773458,2.0783888353662423,0.11356698614524278,Very Thin,-3014.9623395886006,-6010.99892059534,-42675.049346745895,2823.7182861613996,5165.904268469522,16134.083022554276
2026-09-09 15:45:00,2.0826128967244477,2.407016948920717,2.0534536007715136,2.3764483835943313,0.09402885754955603,Thin,-2325.8664577058194,-4413.05373178568,-42397.666000035424,2714.2508655042066,5736.7951264902995,16847.564543429133
2026-09-09 16:00:00,2.3761582330620183,2.3782016620057105,1.70396797475786,1.7584275281323603,0.09973650159610169,Thin,-2858.713962627093,-5833.276372456049,-40205.45408753572,2697.455526353486,5245.572869853802,15664.310403454505
2026-09-09 16:15:00,1.758798017921443,1.8194601555168821,1.7500105837001825,1.7856991258838721,0.10063365149698451,Very Thin,-2951.1455521277057,-5972.464896468912,-45869.69924864747,2779.043996429217,5398.592478017614,14902.123643934034
2026-09-09 16:30:00,1.788680843803113,1.809679783165344,1.6372738515810281,1.6372738515810281,0.09932087589812677,Thin,-2379.65911191271,-4837.918420733762,-15675.607946995848,2299.4417264569333,4436.548788683108,11774.022048115674
2026-09-09 16:45:00,1.6369080592719252,1.7738212643348228,1.4935254312990258,1.7738212643348228,0.10676927745288906,Very Thin,-5534.035751122153,-17782.020257415163,-66052.46366586638,3184.4815055804593,5829.219040451358,15216.535493488156
2026-09-09 17:00:00,1.7744855707104568,1.7969346827730077,1.6967547370607752,1.787921994925912,0.09652204513223799,Thin,-3616.9550389860365,-7237.178331694985,-54874.84896541714,3436.124938797713,6304.7608820724745,16581.710000512307
2026-09-09 17:15:00,1.7865735300162346,1.8313631474127545,1.7362239568953,1.7362239568953,0.07438826721592404,Thin,-3456.891621098338,-7127.900324157187,-46001.877820197646,2844.277926336153,5548.770598367542,16566.23840127983
2026-09-09 17:30:00,1.7321744853019128,1.7321744853019128,1.6756064641978812,1.6995664785019067,0.0951623534969247,Thin,-2772.139105877959,-6074.229606245545,-19333.53198770902,2643.7675744419853,5181.078253765672,13716.164016999779
2026-09-09 17:45:00,1.6964052883790368,1.7100575605506663,1.6691296857793028,1.6812774493470544,0.08923527681791152,Thin,-3132.0871971156444,-6464.51795785537,-48668.39585645331,3082.777997705509,6030.356174084442,15684.791799756704
2026-09-09 18:00:00,1.6805016069286092,1.6805016069286092,1.3666078417319178,1.3804809792767596,0.1312296331988795,Very Thin,-2061.5763554153255,-4285.519921353164,-43927.792449822104,1967.2361962805128,3821.327945947249,11670.93587107134
2026-09-09 18:15:00,1.3808786821329042,1.4717213501187387,1.375856672341461,1.3886406974937169,0.1277639174381994,Very Thin,-2656.55136304466,-5561.170446640114,-43363.183115704174,2486.7577165968714,4682.34122022603,12842.721559298087
2026-09-09 18:30:00,1.3896709899870376,1.3896709899870376,1.2778162011163727,1.3844309810933333,0.1319152312421517,Very Thin,-2319.08350459267,-4846.277414131062,-47037.769744616446,2192.464591002093,4269.199229853821,11524.56351514683
2026-09-09 18:45:00,1.3846377573729531,1.4125527557410962,1.3801004898817464,1.3808631809872944,0.1040024768977561,Very Thin,-3226.4969171144107,-6573.5466163416795,-42254.85296116759,2712.471931523551,5030.470549781373,13975.239974494807
2026-09-09 19:00:00,1.3797805033742865,1.3873435585122893,1.3565595714081486,1.3565595714081486,0.1019866673631773,Very Thin,-2971.3858608747623,-6209.234177899326,-48638.17233661217,2440.9150740431874,4708.1531113680085,13284.633429645337
2026-09-09 19:15:00,1.3506447138682736,1.3607257099482655,1.2913564571686345,1.3411622265740846,0.11084925110893931,Very Thin,-3150.9108232604885,-5935.762215915622,-51006.43814640626,2928.2601950734334,5137.353644556011,12419.98267879163
2026-09-09 19:30:00,1.3415511703449512,1.3548584413574747,1.2924913313162,1.2924913313162,0.11206785897862122,Very Thin,-2321.3623778078604,-4717.527727425098,-36438.428787992845,2169.906788545605,4229.003242294038,11760.458017978965
2026-09-09 19:45:00,1.2919158381095568,1.321517814715634,1.1610352007542244,1.3209785180537745,0.12526564405558704,Very Thin,-2728.430334046578,-11299.05077403129,-58041.544600762696,2628.742569315536,5056.826989999344,11918.802064987713
2026-09-09 20:00:00,1.3132896431432621,1.3132896431432621,1.2849501905702292,1.295479325326444,0.11776057399028744,Very Thin,-2736.955493065447,-6164.446704464729,-54745.297973755645,2114.5087902453724,3778.7653283116074,9972.755436742882
2026-09-09 20:15:00,1.297250940179122,1.3453247379882438,1.2900035414231121,1.315998528165333,0.11686949161257973,Very Thin,-3539.0957034559387,-11552.313762467928,-61116.83701951559,2437.258799716602,4530.169344203945,10539.834036086693
2026-09-09 20:30:00,1.3133938669176333,1.3733972698333108,1.1812914676031636,1.3366029034708615,0.14380798987518936,Very Thin,-3313.040642590892,-6646.334980788913,-19227.856400147502,2905.0588092029607,4896.816799280373,10533.72972697506
2026-09-09 20:45:00,1.338240655987369,1.6965655398622361,1.338240655987369,1.6531328209121512,0.11614288985706071,Very Thin,-2239.123585438279,-11987.511230192014,-58028.04957393258,2185.868660981343,4322.200544286027,12377.710843319135
2026-09-09 21:00:00,1.6556223980390963,1.8445184015338556,1.6543713317208522,1.7894382616539999,0.10994701230031001,Very Thin,-2560.02970161272,-5028.274727044966,-42958.9215884657,2566.4877234298056,5324.6119200728535,15967.49016028973
2026-09-09 21:15:00,1.7958065170293052,1.8049050398692563,1.7798329517076001,1.7942994065365263,0.10227200194552358,Very Thin,-2455.926581901718,-4782.081307222647,-13088.20557874347,2427.139818073583,4945.063402984961,13970.78506170588
2026-09-09 21:30:00,1.7943469848206488,1.8053039583242108,1.5104113413234064,1.5803331470257354,0.1033285644134021,Very Thin,-2876.967392816496,-5735.960154744244,-15324.526819408205,2768.0779103143163,5285.39474919977,13106.270020282982
2026-09-09 21:45:00,1.5799249634538595,1.592271149139875,1.5065190475192054,1.5065190475192054,0.08410705802327714,Thin,-3187.570891460589,-6528.690835648235,-41036.00534178098,2911.111588702169,5784.5375789617,24385.52399930619
2026-09-09 22:00:00,1.5051905615813206,1.6669333156484842,1.4994323655876618,1.6566684673527343,0.08658595133841152,Thin,-3179.9527468389892,-7860.378467549799,-65646.03975127707,3138.682604418567,6362.183388570055,16632.03725315413
2026-09-09 22:15:00,1.6535514613559088,1.6637149070114785,1.5394935290083556,1.6637149070114785,0.06128928556404123,Thin,-4186.495874840343,-11308.09914607073,-68710.97275218288,4158.216747612936,8317.047530620704,22976.278531013424
2026-09-09 22:30:00,1.6660730353590234,1.7109972384965328,1.6660730353590234,1.6962038323592148,0.0678459814839637,Thin,-3822.9702399240678,-7480.617849069125,-60115.90870531279,4116.035179895177,8140.393655379265,27781.530776194286
2026-09-09 22:45:00,1.6966048254160866,1.7260028826053366,1.6865492950748155,1.7260028826053366,0.06927810098526421,Thin,-3749.6101653446412,-9476.03564017181,-67668.50404308282,3818.641652996885,7763.910422034799,23724.675929561432
2026-09-09 23:00:00,1.7711626629082546,1.821522978898191,1.6791706948972305,1.798721958833944,0.06866971258695834,Thin,-12535.425611806411,-27196.991105101297,-87231.6949474073,3996.0619057464487,7816.104998761041,23493.74297929846
2026-09-09 23:15:00,1.7989885155199552,1.8124389332230117,1.7625095268263546,1.8010207009634285,0.07855364255137111,Thin,-4139.071338991655,-10906.376794190508,-70182.50534675592,4395.203482285841,8219.269306865239,23834.16915624415
2026-09-09 23:30:00,1.8010437215705712,1.9925052932010194,1.8010437215705712,1.9340461108162033,0.06762121466191014,Thin,-4147.326665808922,-8255.873205503853,-59505.3300758276,4071.307786999956,8027.236072245421,26017.632746096428
2026-09-09 23:45:00,1.9340994422556066,1.950317189672189,1.8414642913720507,1.8644973002792975,0.08089253412394326,Thin,-3154.311918916891,-6818.260072321304,-61109.60892392572,3220.181688857745,6457.1284990936465,20510.612504097622
2026-09-10 00:00:00,1.8566770123082426,1.8580452378477745,0.27940048715112614,0.9135865888440206,0.7465076816893322,Ghost,-2493.062259695549,-5049.986799224176,-15430.450528333291,2425.0206695400007,4755.099583629937,13292.876581573038
2026-09-10 00:15:00,0.9091479357273189,1.019587813222693,0.7135687149323238,0.8486901318612409,0.10815415386776388,Very Thin,-6652.550900289118,-13529.625505009355,-87472.87606862508,6479.4067334398305,12671.716864842845,31542.527785481798
2026-09-10 00:30:00,0.8462125163667719,0.8654330304100811,0.6596150391047176,0.7279629295064011,0.09572572863318803,Thin,-4200.589378071621,-10343.566633288792,-59043.37591116861,2921.447202557063,5481.1828913657455,14725.468627941102
2026-09-10 00:45:00,0.7284756667732097,0.8344066479378127,0.7111223995095606,0.8201413867856714,0.05292945669389382,Thin,-7259.1306578013455,-14316.199358184987,-39552.628222524654,7173.534616706902,13667.066808989257,29277.13198397762
2026-09-10 01:00:00,0.8202395068759134,0.8206598320266814,0.7035575422310206,0.725572007567129,0.06513875937208968,Thin,-6163.624168119936,-14540.371514530834,-88624.41750838213,5194.571946708907,10073.029661833238,30195.95743707297
2026-09-10 01:15:00,0.7256529510143697,0.8083552956116283,0.7200776476109063,0.8083552956116283,0.046470375829454236,Thin,-10497.231321228619,-23261.157342181607,-103789.81424124916,10209.41312462057,19746.461251355064,46163.4733618577
2026-09-10 01:30:00,0.8089444298361406,0.8853430987505867,0.8089444298361406,0.874107880410353,0.03294902654884542,Thin,-7999.832119282153,-16915.048035804146,-87272.97422598604,7793.574205969253,15398.494711783305,42814.568002115455
2026-09-10 01:45:00,0.8741479520168339,0.9300525015464906,0.8670609365253114,0.8674585851657304,0.034545368354629534,Thin,-8249.903750931939,-15947.93988263934,-87203.0491828359,7939.954839194206,15649.489363137609,43190.24113608399
2026-09-10 02:00:00,0.8659861021329648,0.8659861021329648,0.7751993540556122,0.7752279484843166,0.03169188127982325,Thin,-7816.227591242105,-18000.12260419922,-96106.73473781257,7374.367492895268,13136.825266238098,43419.60321022076
2026-09-10 02:15:00,0.7731360483584303,0.777138835233526,0.7344252434239386,0.777138835233526,0.045548096777885315,Thin,-8148.362532627197,-18860.53334101885,-94214.0449769719,7858.448824499653,13994.491963659775,27567.330018312507
2026-09-10 02:30:00,0.7771618049691714,0.8741159868072839,0.7771618049691714,0.8741159868072839,0.03127921284419581,Thin,-8381.53346442562,-17621.22444343078,-88913.96842753085,8380.536753900014,16694.814202871174,46586.23378389649
2026-09-10 02:45:00,0.8752059030924747,1.1113261113559785,0.8752059030924747,1.0804909612260942,0.038161051506715386,Thin,-6684.317775067901,-13551.31066548928,-84036.80307712343,6500.280541622028,12893.88439631993,38873.925975177175
2026-09-10 03:00:00,1.08024479218621,1.1090933687065998,0.940489662130928,0.9557592180442354,0.03803268798321002,Thin,-7256.861812331322,-14582.727551532595,-67323.9885610482,7294.060378578248,14390.873488100757,55145.16796703923
2026-09-10 03:15:00,0.9558957136133194,0.9796340390228477,0.8594215976447387,0.8815768657601873,0.034771459721034965,Thin,-8586.134815000221,-16016.865734302653,-85832.34481149082,8045.056018670674,15777.866021455524,44675.093940645034
2026-09-10 03:30:00,0.8817200112660122,0.9429303352172956,0.8813025869860265,0.9391813831377606,0.034017971912597166,Thin,-8206.964625659299,-22585.393200094073,-96666.3690827654,8017.545809719469,15908.909709552092,47049.89963229594
2026-09-10 03:45:00,0.9382528973906002,0.952184455478209,0.8708600431120215,0.8870334449715656,0.032832379537686404,Thin,-7578.881779175334,-15087.35850060886,-78936.36928064209,7485.529926574808,14690.843746921293,48133.2848995442
2026-09-10 04:00:00,0.8869329082063679,0.8869329082063679,0.7987055218823481,0.8500473521490841,0.03443471020463575,Thin,-8019.993967912868,-22442.258791107673,-96183.09708061592,7592.705653664653,14958.306071484863,43973.30840959341
2026-09-10 04:15:00,0.850072758887064,0.8975903348155143,0.850072758887064,0.8944111657267896,0.038054113473596864,Thin,-6854.188404262975,-13309.181155299615,-37836.17461391493,8221.286083306335,14544.323546535064,38048.75247623918
2026-09-10 04:30:00,0.8939852197025432,0.9060943044960098,0.8568341152490384,0.8568341152490384,0.03820175061294075,Thin,-8065.515398838929,-16133.819834251153,-84217.32816735415,7820.828956264456,15276.961075485557,47809.192690718555
2026-09-10 04:45:00,0.8561395739694374,0.8561395739694374,0.8212048300382886,0.8351320720133327,0.031569941054579574,Thin,-9976.411098847959,-18529.526491220542,-92737.38330667076,9827.181604887348,18920.59934298671,45320.558638153554
2026-09-10 05:00:00,0.8351330385281717,0.8427016142209476,0.824578306792417,0.8422818682976699,0.025453505718917822,Moderate,-9772.161551593064,-20860.66198052346,-95291.12103636075,10873.46148620223,20235.04707818397,46887.98162184339
2026-09-10 05:15:00,0.8422624724248764,0.8446542467031191,0.7974011707247614,0.8145336755401328,0.026068038906848612,Moderate,-10249.021577151985,-20001.266837101222,-84722.51934312287,9425.535763921896,17094.265423675814,44738.14477182942
2026-09-10 05:30:00,0.8136871455258998,0.8136871455258998,0.7497836784692504,0.7570833065144815,0.03423310988651793,Thin,-7847.713318530958,-15906.89004314255,-80100.77949689844,6272.579168243506,10379.038495515742,25322.744547269944
2026-09-10 05:45:00,0.7573326898289126,0.7656782904036951,0.7465923769194004,0.7574853849526535,0.04176249195344728,Thin,-8135.515653865836,-16775.421803637204,-97099.76815609154,6798.736295005502,11385.738976144268,27616.305320776126
2026-09-10 06:00:00,0.7575298744016924,0.8226534863398575,0.7555971609774349,0.8224550553375416,0.03049007836101203,Thin,-9944.429594415249,-20514.338038001995,-94796.83637965698,10032.954462549158,18452.494521058532,43365.168025259416
2026-09-10 06:15:00,0.8236258670168092,0.8369822924654952,0.772912000807031,0.7729695905816616,0.030938175517916444,Thin,-8102.245517511487,-17575.90574300212,-81268.32974299684,7847.77873812787,14630.722638852652,45985.76536775977
2026-09-10 06:30:00,0.7729611242716901,0.8029642879168333,0.7723780816514106,0.7754273749042028,0.03140285337682602,Thin,-8118.186325158639,-17784.127253894563,-90256.69957314842,7868.7002144005555,14782.103441527881,37759.42469791143
2026-09-10 06:45:00,0.7752037916061513,0.7774318938442488,0.7566704364993797,0.7625713437356381,0.03191529197064791,Thin,-8269.661314382549,-16892.787619770235,-83648.3868497657,8560.546424583068,14270.980453263615,39861.746954168695
2026-09-10 07:00:00,0.7625549288022746,0.7911034637268164,0.7625549288022746,0.7911034637268164,0.035142177112668496,Thin,-8371.890621030387,-17078.236380255054,-46221.25713832295,7207.844054508515,13864.912481597516,29746.16314858593
2026-09-10 07:15:00,0.7913166298480319,0.8273583468422835,0.786863701672811,0.8273583468422835,0.026433517962645293,Moderate,-10360.89499851939,-19734.884327789852,-90326.16668306824,10331.985847711283,19683.915637973212,51763.58945728753
2026-09-10 07:30:00,0.8305246034353124,0.8447019453010206,0.8271977345597081,0.8349145357268133,0.023988250659705758,Moderate,-11153.859493545888,-20891.994962252345,-98938.941425467,11059.55637257127,21465.593739800857,52049.72847072382
2026-09-10 07:45:00,0.8349215630376763,0.8710537747261053,0.8301624329898231,0.8709418094822344,0.02687516530067926,Moderate,-9345.190428315012,-18637.765433573437,-95092.67035415486,10060.36977579283,20646.52934847227,56879.46045530909
2026-09-10 08:00:00,0.8673808227703458,0.9013185559743023,0.8483352220664008,0.8910973997798229,0.02711971201668788,Moderate,-9183.04340524383,-19302.582838769802,-95183.24749926638,9444.57376810939,19331.429609463372,58847.33179974802
2026-09-10 08:15:00,0.8911698630934952,0.891628943962437,0.8360864494359648,0.8360864494359648,0.026706494936276703,Moderate,-11469.875932878393,-21243.368924180373,-100163.2864654411,11358.139124457846,21887.58854949155,67129.02586462222
2026-09-10 08:30:00,0.8360008688586462,0.8439803818344123,0.8266678518051293,0.8435718670977818,0.022587048544308617,Moderate,-10712.888684091231,-23617.046786804574,-101595.2064601457,11010.402197164602,21646.142032649233,54827.01314904449
2026-09-10 08:45:00,0.8443036008502863,0.8494276648840814,0.8306056408887766,0.8337962019595683,0.023274970661579752,Moderate,-11290.798577135753,-21219.009125613004,-90266.7625699781,11097.938408938133,21493.525074527668,59109.55246881478
2026-09-10 09:00:00,0.8337669309705932,0.853602183015167,0.8337669309705932,0.8452265558403607,0.023408445426530023,Moderate,-10610.822279636433,-20007.777403994667,-94159.70455771823,11040.981036615689,21713.82459329785,58990.44834066386
2026-09-10 09:15:00,0.857821250326756,0.8807987070853966,0.8413675455797489,0.8626564923852834,0.0267147018307774,Moderate,-9409.411508528101,-23167.355935247142,-101429.1824257414,10799.324203919705,21550.94909939521,57270.15039875217
2026-09-10 09:30:00,0.8626486403938451,0.8667409479088967,0.8602891088070664,0.8629192826671394,0.02672328252718459,Moderate,-9780.321225044252,-18953.90488668808,-93503.05300815687,10793.215482735091,21547.78320146202,57161.74345153534
2026-09-10 09:45:00,0.8629118004370142,0.8629118004370142,0.8344548226213014,0.8344548226213014,0.023169965535476233,Moderate,-10391.306224872686,-19071.75398557028,-49239.95265820363,10107.348027797821,19418.32238654511,45946.2972573516
2026-09-10 10:00:00,0.8343843007638901,0.8344822810774223,0.8186749575886603,0.8331194868111096,0.021961804308817355,Moderate,-11414.582835630963,-21432.285208313428,-99127.37573656242,11499.487035993807,21910.423834778514,55561.07569180004
2026-09-10 10:15:00,0.833999759321956,0.852175554338188,0.7986296190962381,0.7986296190962381,0.023806502268173668,Moderate,-11148.314605474941,-22876.150137011424,-103056.27957979974,9498.215935666416,18416.55114806066,46631.24833351093
2026-09-10 10:30:00,0.7985734724333867,0.8337965314231863,0.798402861667883,0.8328670070886439,0.02565464605073864,Moderate,-11651.562520372272,-21754.422352087306,-99505.80137728967,11290.852688339563,21752.474213151385,55714.182225510354
2026-09-10 10:45:00,0.8328613341306258,0.8328613341306258,0.7859770756077653,0.792230273624475,0.02624442553056929,Moderate,-10871.344455954822,-22420.4611325503,-100721.16818094385,9397.391018087936,18342.213502920982,47411.78835437524
2026-09-10 11:00:00,0.7922302617328518,0.8040716836651974,0.7850887976385729,0.7893123079938666,0.026121053243629566,Moderate,-13568.786679942761,-28806.14692469474,-119175.52151726924,12243.061064030635,23916.5889645569,54008.8616399405
2026-09-10 11:15:00,0.789301456355089,0.7898319095343361,0.7822346636465294,0.7822420652507716,0.02012547077258353,Moderate,-13110.601900165904,-27493.253979892124,-117043.35782885039,12293.071379174282,23723.246924343293,53772.880994086794
2026-09-10 11:30:00,0.7856254732456229,0.7859305982188141,0.7801196374122285,0.7813501913587209,0.0199062881868457,Moderate,-15768.077785928579,-30160.117864800883,-119433.70180397575,12434.8199889776,23806.82946805558,53815.02072583885
2026-09-10 11:45:00,0.7813566273449211,0.8027601865697078,0.7812853316768125,0.8027601865697078,0.02147320614290673,Moderate,-15509.695424373938,-30911.542780203326,-118782.10481745379,14194.11513516634,27301.988043021538,65127.69399627376
2026-09-10 12:00:00,0.8027058777123489,0.8039912484169539,0.7997747385847795,0.8035145316445437,0.015646516958220502,Moderate,-15967.347211829878,-31165.83801709744,-119396.17744977525,14567.594466635372,27386.518935165295,64681.02391772967
2026-09-10 12:15:00,0.8035235909274655,0.8035516812890124,0.7972235773353409,0.7972432758980594,0.014568249120542998,Moderate,-17879.604563408444,-33134.123661758866,-120065.50026303966,13615.92280716132,26395.656616049208,63359.88506977018
2026-09-10 12:30:00,0.7972663063300979,0.7972663063300979,0.7886663233024557,0.7922348879501757,0.01614819847196407,Moderate,-18458.89616243369,-35683.95257648949,-129767.52518859734,17046.80578652208,31654.079783497687,74977.84907232146
2026-09-10 12:45:00,0.7923724324758227,0.7923724324758227,0.7525757714456539,0.7598549531977018,0.016873563357296173,Moderate,-16340.209371151761,-32689.75575620475,-119166.9267877785,14595.487059671772,26479.28758400565,68665.75346971797
2026-09-10 13:00:00,0.7596885964934247,0.7689681658705372,0.7577326617413824,0.7587749403317953,0.01583130025090764,Moderate,-16729.231044006396,-32949.11626539422,-135094.2936194488,15088.135260186733,26989.18121478978,61315.81144361453
2026-09-10 13:15:00,0.7590093001371176,0.7593259949201103,0.747109168843624,0.7501679808969187,0.018300863934229472,Moderate,-16323.20538726301,-31923.365980252387,-137800.04929061033,13106.589893584318,23269.34249667753,53272.338784277905
2026-09-10 13:30:00,0.7501497877985619,0.7501497877985619,0.7244106885317241,0.7284441448242649,0.02094306001241164,Moderate,-13963.850391205393,-30692.6112427029,-124085.1946133768,10787.735118443567,19051.471545209402,51145.739785788515
2026-09-10 13:45:00,0.7284321607046288,0.7292144970924578,0.5711529584947427,0.6276386036865018,0.05488306524900506,Thin,-6228.08442947234,-20113.85186729694,-111593.54763914293,5119.930675805206,9901.47190931289,25815.22207034662
2026-09-10 14:00:00,0.6276346731868958,0.6276346731868958,0.5422200514259512,0.5999950480189604,0.05914528877904024,Thin,-5512.532231544373,-20794.155194299765,-102560.43728004642,4487.2270920840265,8783.693284787194,23928.200834706826
2026-09-10 14:15:00,0.5998960776733271,0.6190198391353502,0.5555302306953585,0.6029945842815354,0.056314672299028645,Thin,-4837.61410404758,-9791.700033875262,-89271.05108425218,4804.747934537049,9451.558560033238,28661.008816140413
2026-09-10 14:30:00,0.6013779562935754,0.6071037006954225,0.5543248464318982,0.5888462458308967,0.05753223897202018,Thin,-5061.125741654916,-10112.700654018787,-75420.81271183952,4967.572608633497,9575.503403469276,33614.71238791945
2026-09-10 14:45:00,0.5891302970456894,0.6163274709349383,0.5648555854953546,0.6163274709349383,0.06668177409137528,Thin,-5540.706818361022,-12759.221867266588,-97504.36999285458,5245.81964538593,10139.373092747966,30230.74652543498
2026-09-10 15:00:00,0.6163557631685311,0.6657919646106852,0.6163557631685311,0.6478366400488675,0.04578994034998303,Thin,-8830.345905563498,-19922.03745044472,-110105.8328131953,7450.204677707884,12790.43429617441,30200.535782044935
2026-09-10 15:15:00,0.6482692780719455,0.6495541916209802,0.6361220997888354,0.6469961468558062,0.03223689299992545,Thin,-9094.108226984405,-20400.173784862833,-110304.37767344175,7352.545699896088,12941.753005574888,31089.97531511802
2026-09-10 15:30:00,0.647287499286689,0.6709100847150707,0.647287499286689,0.6709100847150707,0.02776670445246554,Moderate,-11620.587593084465,-31551.551599203776,-134791.4874295715,9902.85384400286,18506.810356270238,38145.26456107137
2026-09-10 15:45:00,0.6708535957706749,0.6878721712889716,0.6417976784474493,0.6417998058516861,0.028986768610789547,Moderate,-9248.837763640775,-19775.567780103407,-112810.20104557383,6276.6530826243215,11670.215686118681,32604.418166309166
2026-09-10 16:00:00,0.6417917326044523,0.6417917326044523,0.6002727496703407,0.6209828295933988,0.047352161297205694,Thin,-5703.2252459262245,-14989.947000657403,-103058.3717845306,5465.362738805314,10296.989363003338,28127.261777958083
2026-09-10 16:15:00,0.621608916747452,0.6342023917375588,0.621608916747452,0.6316888878443327,0.045370686464760945,Thin,-8145.787681153504,-25742.504362680782,-119265.46051592912,6311.883016852109,11624.66305646028,28723.581425679044
2026-09-10 16:30:00,0.6327124389884554,0.645514984849615,0.6322974961246836,0.6378972776219335,0.0383061048152078,Thin,-10888.614667885377,-22194.11922254417,-109867.640790006,7636.232380447505,14575.938562908477,31961.257907629195
2026-09-10 16:45:00,0.6376988372236465,0.6376988372236465,0.6168677595405423,0.6181307635005516,0.03236375287830109,Thin,-6998.262247734059,-15925.747097372325,-57697.39912399345,5994.890011993988,9891.720998021163,22176.13521521527
2026-09-10 17:00:00,0.6181575501994271,0.6181967922595744,0.6018160219375328,0.6096445689651847,0.03749477725965922,Thin,-8754.556756827567,-17778.03210016474,-103211.83027859108,7780.120775877343,13478.340607467479,37151.17327768935
2026-09-10 17:15:00,0.6101088587602743,0.6122638570273921,0.6027173844395263,0.602916828494571,0.030108112564771795,Thin,-8961.68187474046,-17308.209492832983,-105428.55819738713,6348.886204498953,11804.246308463344,33450.03554703099
2026-09-10 17:30:00,0.602686257258017,0.6112762739843443,0.6003096841707913,0.6106238707295487,0.030535319696208818,Thin,-8938.247678326215,-20010.46488953804,-111665.64419194464,8734.717306202696,14379.084218991753,33435.62202410989
2026-09-10 17:45:00,0.6106881606060441,0.6108866117193743,0.6069955935848979,0.6069955935848979,0.02903166843428262,Moderate,-9800.08484843047,-18367.93383206639,-111199.41745848223,7943.888137528031,13834.861959649952,35172.53519894764
2026-09-10 18:00:00,0.6069955705274245,0.6094521615432459,0.60607991900036,0.6067620304588253,0.02816241013966101,Moderate,-8869.524962006468,-17449.06454249993,-110102.20341636258,7260.569805160861,13163.459689250602,34551.98153045351
2026-09-10 18:15:00,0.6065167604972018,0.6101616973797331,0.6065167604972018,0.6095998478675896,0.029134208082864974,Moderate,-9577.162665980111,-20285.091683430524,-113567.65044917873,8898.862771566768,15003.506170074896,35922.03331413671
2026-09-10 18:30:00,0.6088521652802166,0.6121618650418588,0.5627428111046967,0.6062424085823114,0.036477889396473874,Thin,-10236.682656084558,-19237.31776450848,-112662.0270487286,8074.8643560271585,14292.913505048135,36488.641481988816
2026-09-10 18:45:00,0.6062371129805172,0.6062371129805172,0.6042249710854372,0.6042249710854372,0.02326546370842466,Moderate,-12251.81603629081,-21790.053624507807,-113418.92405045702,7797.378223154927,13818.525899623672,36527.65739534836
2026-09-10 19:00:00,0.604044618140548,0.604044618140548,0.5806129707852533,0.5811787576582349,0.041302200027259484,Thin,-8136.03200983931,-17248.101163302657,-104934.16841359077,6451.297607930374,11800.840007457236,32070.766746735313
2026-09-10 19:15:00,0.5811268057303388,0.5901001831654491,0.5811268057303388,0.5901001831654491,0.039108179053799486,Thin,-7793.535697668718,-18255.183976855253,-105751.15110844813,6544.811256702733,12304.396070995499,30984.45917636923
2026-09-10 19:30:00,0.5897944344648969,0.6045024569036812,0.5897944344648969,0.6032192368643653,0.0359244336904454,Thin,-11679.856017547881,-26937.23944826241,-121323.87916175116,7393.302528707518,13550.496265828042,33171.666407690434
2026-09-10 19:45:00,0.6033027880025374,0.6035604567344249,0.595968497093696,0.595968497093696,0.03386537929891738,Thin,-9360.411273870097,-20407.058358143368,-112941.87300777284,6806.225516202271,12827.296554249706,31886.42043185701
2026-09-10 20:00:00,0.5960603687273269,0.5960603687273269,0.5898601753276197,0.5905367749983365,0.03338055864022264,Thin,-9629.804669935049,-20178.037392892486,-108229.91025111065,6431.676740933522,12194.688836442498,34082.37491975347
2026-09-10 20:15:00,0.5904095655360757,0.5935322642652779,0.5864926795882025,0.5865021644023233,0.033145514032519065,Thin,-8387.850412706768,-18947.672269563085,-103874.4404947411,8644.589337382678,14364.547789275539,37967.5472805337
2026-09-10 20:30:00,0.5864180116695877,0.6138818213229602,0.5860036007578895,0.6096348525704258,0.03276051649346976,Thin,-10337.743786343606,-29888.707249450523,-125179.62009992782,9347.44909871058,16584.79492382425,37735.88034031074
2026-09-10 20:45:00,0.6095570502789301,0.6263799116638684,0.6073495608173752,0.6263799116638684,0.025244060503928134,Moderate,-9858.656272462376,-26901.262248215156,-122791.15472065713,15718.432785853012,25026.140231870857,48362.557380646074
2026-09-10 21:00:00,0.6265674496315873,0.6309131767639179,0.6265674496315873,0.6297813240963598,0.02775474978224022,Moderate,-13301.287973765053,-26009.07102225644,-121060.67036302973,11442.790746559036,21752.294504954905,48826.35152906097
2026-09-10 21:15:00,0.6297449452326455,0.6302731238522599,0.6291006387202821,0.6291006387202821,0.026283207925993902,Moderate,-10933.46353039038,-23739.03791829074,-118322.34971545021,10740.234349035594,20811.082438359797,48106.17367773377
2026-09-10 21:30:00,0.6290474586996714,0.6291120382198458,0.6281419097283754,0.6283027146299621,0.023722075760174422,Moderate,-11321.662280147555,-24133.522888125037,-118082.93214151869,10919.44369397129,20830.230859081566,48276.768742235006
2026-09-10 21:45:00,0.6280694852961973,0.6280694852961973,0.6231181279512262,0.6240258062296641,0.022517838322850682,Moderate,-10297.561499782929,-23259.62232079186,-114589.45705800693,11255.197632496487,20350.72591209213,48869.48413352359
2026-09-10 22:00:00,0.6240258062316423,0.6282531272723203,0.6172032734399177,0.6192494649736742,0.023558453331993624,Moderate,-11588.636731141745,-23320.870625954016,-109217.33790566179,11712.018157449551,19226.47179504472,46871.566409869825
2026-09-10 22:15:00,0.6193188597690324,0.6197890236678069,0.6193188597690324,0.6197890236678069,0.01903224608328482,Moderate,-11855.482452145998,-23874.802206776018,-117880.4225320615,12269.442250985889,20009.878544084928,43821.031440306644
2026-09-10 22:30:00,0.6197890238884739,0.6199405124184336,0.6044523465647844,0.6065662011345423,0.023529485693106266,Moderate,-10988.90747663,-20487.38238495457,-113635.4077052661,8434.689190892344,14978.06326266896,37826.05590650342
2026-09-10 22:45:00,0.6059114285415053,0.6059114285415053,0.5928469135723416,0.5928469135723416,0.03372672886901262,Thin,-8904.06174191175,-19873.415127209646,-108700.12246644324,6828.403818370477,12975.283875494339,39078.97243436534
2026-09-10 23:00:00,0.5923906683632453,0.5923906683632453,0.5802760870117175,0.5802760870117175,0.03745940069434286,Thin,-8518.137890719876,-17652.033395579005,-95355.95693760026,6482.646997484684,11968.161956037899,41107.93464026699
2026-09-10 23:15:00,0.5799144827252136,0.6075755042560009,0.5790208911015898,0.5960058208972836,0.039449872159162916,Thin,-9340.5916475503,-20379.0541127521,-110778.82975052166,6688.176151708658,12787.489123911979,33848.842143442744
2026-09-10 23:30:00,0.595858522866901,0.5961911690406618,0.5853181417184602,0.5853181417184602,0.04727786733986214,Thin,-5697.937074849757,-14796.931384743404,-55338.06121663509,5099.097121839459,9705.995677975721,23516.095349461677
2026-09-10 23:45:00,0.5847386285634028,0.5847386285634028,0.5147180700884388,0.5213951680169601,0.05919440629535524,Thin,-5014.280307203656,-13699.19737063832,-86227.5067435546,4834.799517732559,8673.303482539719,32249.977454768046
2026-09-11 00:00:00,0.5209482624566013,0.5240921094104597,0.49476168071007753,0.5124980688987668,0.06071024409083822,Thin,-5126.846859958953,-10478.461193225572,-66542.98105234111,4636.210472349371,7935.1312960302985,27104.407361302277
2026-09-11 00:15:00,0.5124091707942233,0.5124091707942233,0.49229155446296885,0.49499470911842336,0.0793288400509847,Thin,-4849.239726342532,-9738.084261375529,-72806.51134027487,3725.4706244711783,6917.255191045987,20295.81292573844
2026-09-11 00:30:00,0.49748426347409735,0.5028215424545925,0.49748426347409735,0.5005547180699891,0.0791459524536865,Thin,-4906.494885540529,-12592.789226798825,-78206.1125734221,3726.114852541768,7084.060247351802,18490.029972310913
2026-09-11 00:45:00,0.49999026858561674,0.5001161666795552,0.49865344048116395,0.49991098528847866,0.06447675518959037,Thin,-6879.033049631781,-14134.399254166858,-79879.65543363841,8329.061140637816,11801.299385129745,23623.985533006795
2026-09-11 01:00:00,0.499907084803607,0.4999131507221952,0.49673185313596735,0.49673185313596735,0.04358263459170086,Thin,-6597.089548522316,-12763.90619212578,-77972.86533551388,5706.746598337343,9255.114469657768,22275.437327575364
2026-09-11 01:15:00,0.49669588564546285,0.4971903174668825,0.43995381947,0.43995381947,0.0853376756738482,Thin,-3033.780538848572,-6186.795082521525,-63643.06386146952,2866.359053697564,5569.166082704476,24721.836838382867
2026-09-11 01:30:00,0.43991540739447677,0.45839693303902324,0.43030286392766603,0.45595344145562555,0.08487515497105069,Thin,-4326.6618280033645,-8134.320271475872,-66525.61985084624,3720.021830840672,7109.79297222624,21674.539546429776
2026-09-11 01:45:00,0.456163959227437,0.4586543887103717,0.4402136025996458,0.4402136025996458,0.07302694091761515,Thin,-4674.732278589667,-8506.193203087465,-51170.17882909594,4124.845986892439,7570.780331485559,28156.466454340498
2026-09-11 02:00:00,0.4401015336719541,0.4401015336719541,0.4045357014469005,0.40485778626021945,0.08020016394333063,Thin,-3621.6947784711506,-7637.31222859334,-49685.55840946692,2963.502424916934,5282.555345445599,20207.546140669463
2026-09-11 02:15:00,0.4047346019587178,0.4047346019587178,0.33450180014271724,0.3897191683391063,0.13069200744618675,Very Thin,-2433.2960100063533,-4747.68136698494,-58414.28808135411,2249.6267667875422,4303.40881554756,11864.845736358451
2026-09-11 02:30:00,0.38963587876557,0.38963587876557,0.35631881624266687,0.38812041997218244,0.2578201069479944,Ghost,-2665.649551742293,-10374.121148442466,-67145.33037926273,2684.6444463663165,5152.298102326297,13800.169889416447
2026-09-11 02:45:00,0.38951066202527873,0.4218610356788731,0.38805199974488624,0.4075003598337152,0.10249258337926662,Very Thin,-2889.421337956038,-5959.974401085099,-52900.68456671391,2533.685509310827,4908.82507852202,19520.95044859249
2026-09-11 03:00:00,0.40723429607306055,0.40723429607306055,0.39229195722100296,0.3929359385599026,0.1027168900787612,Very Thin,-3403.0487634737265,-6558.426296485581,-57592.743001584495,3551.79082533675,6233.757657281808,16368.619787910286
2026-09-11 03:15:00,0.39287916200194123,0.4330171615346086,0.39287916200194123,0.42787707654489554,0.0915175765001027,Thin,-4588.8331772725105,-9177.862357929173,-64515.771368756454,5330.474734112575,9086.070111803863,23799.7922886369
2026-09-11 03:30:00,0.42791358377965544,0.43623149236214404,0.4269673757611577,0.43537058180066246,0.038520938303632415,Thin,-7414.5112448834225,-14741.945174867356,-74130.61162980477,8276.485518833219,12506.348698445385,24177.958523849953
2026-09-11 03:45:00,0.4353822422465531,0.43732871177411387,0.4078935048950694,0.4081121480096624,0.0702844414075796,Thin,-4245.556186966615,-10355.96946432311,-75490.86159279603,3263.8551832724884,6068.19447192782,29322.91175185822
2026-09-11 04:00:00,0.40802980986091425,0.4150522886669594,0.40520501096773,0.4150522886669594,0.07894283041033479,Thin,-5158.006589221194,-19769.009177163105,-83309.20189579722,3971.8222481412804,6980.362819370533,27214.211050223
2026-09-11 04:15:00,0.4150525487190645,0.46176980021584546,0.3970920129049277,0.41657420026578723,0.05640003244105418,Thin,-4611.183845587477,-12950.403530543237,-75293.05202379456,3620.4030357549827,6399.122183446908,29262.71002893319
2026-09-11 04:30:00,0.41806304403712075,0.4279221015008105,0.3889058709689672,0.3889058709689672,0.09793529185458916,Thin,-2986.0718639993293,-6151.764395948294,-69515.8894445966,2882.029260313253,5592.839587757155,25978.48951437262
2026-09-11 04:45:00,0.3867210263440907,0.39478534051701275,0.3741273411210694,0.39095466964204184,0.09850967088293791,Thin,-3636.332253121729,-6923.165677308198,-73241.95939611852,3443.7278590355395,6445.7835853904435,15651.588302689792
2026-09-11 05:00:00,0.390888248720886,0.3931336674029077,0.3857119186458271,0.3909979960332139,0.08051314163359831,Thin,-3393.0648458536134,-6351.775861384336,-71413.0247763694,3304.436240713426,6001.694548344327,14760.98829435068
2026-09-11 05:15:00,0.3895759174818831,0.40751394003648234,0.3841595325138998,0.39980038222535436,0.08453492238239935,Thin,-3827.8422309476123,-8541.91129418588,-65133.630374623186,3874.876752938492,7328.860715536992,16314.513097104313
2026-09-11 05:30:00,0.39981774584545765,0.41758828166217415,0.39960440890272564,0.41688971001404374,0.07075294479012621,Thin,-5668.246321204184,-22929.651301113823,-87502.23378483583,4511.712602864971,7899.60587874554,20382.472212023447
2026-09-11 05:45:00,0.41705772013927317,0.4175104394069661,0.39078882739135634,0.3999506421614167,0.07942502328366796,Thin,-4198.198891246152,-9229.06508642775,-69532.81649825393,4129.641784440147,7328.088955775497,26772.791585969666
2026-09-11 06:00:00,0.3993348489908008,0.4330954949601754,0.3974949616241542,0.4330954949601754,0.06077072151438874,Thin,-8256.816726306566,-22962.74152420708,-84901.3025667565,6856.285861264183,11998.814661199374,22488.792658149025
2026-09-11 06:15:00,0.43189909007257943,0.4766864534697934,0.4265755202850612,0.45547329284345695,0.08637003969049908,Thin,-5193.571765115244,-9727.921568597863,-68250.77589956959,6217.454774249334,14238.454141837807,31959.143380837755
2026-09-11 06:30:00,0.45488265195188066,0.45488265195188066,0.435367630240657,0.4366011172713418,0.03430843094161369,Thin,-8014.19239792494,-13617.38198711996,-71640.26529695635,7575.992841941517,12982.98251417287,33660.80937753475
2026-09-11 06:45:00,0.4365854575570009,0.47358903810798747,0.43656742884620214,0.46476469299509754,0.08148000378858318,Thin,-4707.338931127396,-9462.154363141934,-69645.21607518791,4924.567471872932,11395.669796271006,36574.07443455136
2026-09-11 07:00:00,0.46462984189916395,0.48133897433184186,0.46462984189916395,0.47831166550311266,0.056471315389812426,Thin,-5212.944244979514,-18835.489379897605,-83369.8214922713,5142.803528372956,9789.31133197058,33935.22143588949
2026-09-11 07:15:00,0.49583693721474387,0.49583693721474387,0.45535981675531056,0.45540647720483823,0.056078836880555524,Thin,-4597.198786904537,-9135.311417464896,-59577.26165814961,5934.938614209148,13653.61262467773,38669.993500549805
2026-09-11 07:30:00,0.4553998035291175,0.4553998035291175,0.4451817672510096,0.4451817672510096,0.044320145786754694,Thin,-6326.198924782445,-11169.851717166277,-53253.35657661618,11791.208387378121,18616.591475079116,45205.95045343397
2026-09-11 07:45:00,0.4451252167956489,0.44519016503536196,0.42879582894113094,0.4307495665857208,0.0314791130203738,Thin,-8335.219294622015,-15853.376985151568,-78482.51895902187,6178.083220656302,11139.71547046106,25250.473244883106
2026-09-11 08:00:00,0.43075267271528483,0.4378776469930861,0.43075267271528483,0.4351046140499514,0.03094584307406332,Thin,-8389.448094824043,-17767.152526013964,-81336.03060560094,7267.943837702909,12633.593923087526,25453.722943419394
2026-09-11 08:15:00,0.43510464560618256,0.43510468594362195,0.4210519328115227,0.42118125852011956,0.04486837462776214,Thin,-8113.11625063669,-16490.377504554228,-71821.6576241684,5510.483429646464,8817.99048521012,26382.51821317371
2026-09-11 08:30:00,0.42147167339847696,0.44866323910480166,0.42147167339847696,0.44721850942286445,0.03723988683976982,Thin,-7022.88408558502,-12684.904287792926,-72220.4347882515,8283.102076567002,15761.096810775534,30796.8839370978
2026-09-11 08:45:00,0.44717506828140996,0.45075114949804357,0.4447670848462882,0.4447670848462882,0.03549628108175416,Thin,-7228.470560738997,-13097.925545954964,-71296.64273283159,8482.036990439823,15442.756069876106,34793.696033883534
2026-09-11 09:00:00,0.44479963237739906,0.4553216883792054,0.4395419238106426,0.4395419238106426,0.03635000502903758,Thin,-9290.666443010368,-15730.519636696297,-69584.1185599861,8693.834156772538,14140.624030379424,34101.98804467134
2026-09-11 09:15:00,0.4394975664095008,0.4394975664095008,0.4327801371930792,0.4358551279521913,0.030510422540630966,Thin,-8942.423824540052,-19362.990509185645,-84117.74282360461,10432.466294020796,16003.68043343989,29210.34107831726
2026-09-11 09:30:00,0.43580731493198344,0.43580731493198344,0.4313219596412597,0.43535131115512754,0.0294532975189312,Moderate,-8980.328113034071,-18979.953197430517,-83726.88066492918,9341.849628370555,14892.17714385358,28176.11383729498
2026-09-11 09:45:00,0.4355136785237656,0.44780390121851904,0.43522759243528025,0.43578196867995556,0.03190043448660338,Thin,-9166.276766226181,-16276.408112865865,-67688.60240424112,11028.921767465148,16560.34933079246,29714.279748709734
2026-09-11 10:00:00,0.43582495086234324,0.44204842297725633,0.42846855543548773,0.42846855543548773,0.030112301559214894,Thin,-8598.101484162818,-16780.576658203594,-79580.7951428907,5785.995388267787,10496.496148458575,25885.32282153115
2026-09-11 10:15:00,0.4284597518523184,0.42936929640569954,0.42820707019703635,0.42936929640569954,0.04122285743972171,Thin,-8894.192403573032,-16953.11665636225,-80188.80176809484,6456.6203978901485,11613.601911825412,26822.16170224903
2026-09-11 10:30:00,0.4294687331651665,0.4360394732018202,0.4294687331651665,0.43392618426898216,0.028088298670231528,Moderate,-8255.350397243645,-14028.484874611833,-29185.263790821708,7711.007041829746,12145.036822050703,19881.69664932455
2026-09-11 10:45:00,0.43392154337242533,0.43522735708936394,0.43172130765868544,0.43522735708936394,0.022721789889586796,Moderate,-9229.898718725228,-19070.797892494797,-84030.51321504438,9586.246954454591,15484.105044255499,29192.520963299256
2026-09-11 11:00:00,0.43502493109795237,0.43565753139092483,0.43143259839412573,0.43143259839412573,0.02208342180648164,Moderate,-10637.998198359719,-18561.718461666303,-83002.56472887834,8113.288227500278,13730.344921623424,28250.517726397644
2026-09-11 11:15:00,0.43139384650958834,0.43143873012929257,0.422555481801594,0.42257011324482263,0.038280501053964876,Thin,-8878.538010306962,-17830.58179772468,-75699.75983152457,6673.510726769653,10744.055459592091,28952.929110797897
2026-09-11 11:30:00,0.42211862414604756,0.42223576911120386,0.4219645582301402,0.42205134494654967,0.038410385095968946,Thin,-8644.177301739159,-17589.704485699294,-75032.88673088465,6469.347276059851,10407.986133485945,28719.991243970897
2026-09-11 11:45:00,0.42174236292095424,0.42174236292095424,0.4051326803676622,0.4081900881667718,0.05630103583291488,Thin,-7032.401664980418,-13634.97429431727,-76943.08985146512,5527.1092292763315,8495.50627319769,19509.090826625787
2026-09-11 12:00:00,0.40832363226795704,0.40832363226795704,0.38598088979811035,0.4062148526515792,0.08228862340977931,Thin,-5747.093134797455,-12347.862904611271,-82189.51202323865,4577.8074894046,8879.95847632058,21840.93545953714
2026-09-11 12:15:00,0.4059888995244207,0.4059888995244207,0.3999468869488293,0.4004668496910208,0.057049422055795766,Thin,-3648.9458642746013,-9072.186257784648,-32350.95399436134,3416.789618153271,6013.660567072101,11715.037953382567
2026-09-11 12:30:00,0.40047542268627534,0.40161596697087537,0.3438201346934901,0.34382126908497473,0.19815779826567823,Very Thin,-2509.417226265479,-5224.616162025379,-43165.81846601805,2313.408025294818,4379.210895899561,23598.26377671923
2026-09-11 12:45:00,0.3431012428342083,0.37811222527425753,0.3431012428342083,0.35888758902746243,0.09940869593074231,Thin,-4572.058970060752,-8649.674621478298,-69373.71875360265,3341.648458521149,6099.388817323036,17840.148794802706
2026-09-11 13:00:00,0.35303588934407265,0.3581295826590036,0.3333273859530832,0.3566116155372185,0.09674753091439647,Thin,-3142.357564205928,-6961.589346459285,-62647.15280670566,2934.489246123187,5493.969688148499,18189.79723041546
2026-09-11 13:15:00,0.357574852429145,0.35763208759572185,0.3540096048310346,0.3540263285558535,0.07458650215012286,Thin,-5049.374356205889,-9246.656918710043,-63102.52489509426,4580.235867467099,7480.870082408234,22261.381372382522
2026-09-11 13:30:00,0.35405174954493224,0.35620310626517315,0.34714204751163474,0.34714204751163474,0.05897926531753771,Thin,-4607.7314077149185,-8458.980775118558,-53641.41331780366,3640.365359575777,6331.53273046771,24752.240987291876
2026-09-11 13:45:00,0.34764933250135976,0.3550199994086683,0.33660136651110556,0.34718733137255364,0.08488730791477539,Thin,-2971.1268100411744,-5685.262424077751,-18764.283088566528,2613.1583788761636,4348.828436978317,8861.571893882847
2026-09-11 14:00:00,0.3472328752307601,0.37337919620086557,0.3382154479646336,0.36825103177024193,0.07788935022132784,Thin,-4698.759830541805,-8934.674540996819,-64480.30784675091,4294.188967354349,8120.794971296765,25225.561150647805
2026-09-11 14:15:00,0.3682553723714925,0.38508963513583305,0.3682553723714925,0.38508963513583305,0.07782800622013589,Thin,-4905.5187205278435,-9142.014659268907,-68611.51158171943,4364.716206512643,9209.505141788437,22226.181138608918
2026-09-11 14:30:00,0.3852507890797623,0.43213170809603424,0.3852507890797623,0.42484297508010693,0.06081487855879488,Thin,-5329.162983633459,-10464.305308060893,-22167.460916569402,4461.356099427175,7609.850202076189,19698.232796633558
2026-09-11 14:45:00,0.42434549116194553,0.43650509387178166,0.4166964890758773,0.42163885671448614,0.044377057087807904,Thin,-6983.662460108537,-15040.940345173018,-77051.42944534721,6231.620017321244,10726.927203704761,29909.63816212868
2026-09-11 15:00:00,0.42239777885620805,0.48048213841865556,0.42239777885620805,0.48048213841865556,0.05418466266446931,Thin,-4693.424989174116,-9436.627587641502,-57639.658038745976,4588.507511368515,9054.429389833627,34243.01520033016
2026-09-11 15:15:00,0.481107725642569,0.5034465012525229,0.4429808679644681,0.45546110605102125,0.07416049824825799,Thin,-5391.349890411031,-15489.771479520996,-80590.58022809165,5394.761711503831,10861.434766618002,31475.35550042879
2026-09-11 15:30:00,0.45807138210057474,0.4816536741115125,0.4254251196510711,0.4254251196510711,0.06155908763291773,Thin,-6565.609329365456,-12112.194492805884,-68884.3266358326,7493.515563633138,12961.124686260797,32666.872335596316
2026-09-11 15:45:00,0.4254008645877824,0.4254008645877824,0.40215942633609153,0.4047935087282398,0.05849246694288581,Thin,-7837.043291064075,-14915.682381782528,-69972.73002053954,5447.535208022787,9621.55077673191,28164.908277703595
2026-09-11 16:00:00,0.40455567253094676,0.4386884475407118,0.40410458392012105,0.4365645608892245,0.043221147318417016,Thin,-6677.948467770346,-12638.262734914208,-72951.4316779988,9358.295405079942,17027.627733056303,36331.389645398114
2026-09-11 16:15:00,0.43644484055754634,0.43644484055754634,0.40226011695603653,0.41901253797019977,0.03963122957692915,Thin,-7982.605668421037,-14988.691648235032,-75253.41487558423,9933.72796204922,15558.233067682633,33470.48709609475
2026-09-11 16:30:00,0.4190991485811052,0.41966180298751404,0.37278650400694774,0.37278650400694774,0.07743123023028395,Thin,-2554.5257409127425,-5722.854267418134,-26908.30513797922,2021.0921618913596,3649.0750687537834,9039.362083692284
2026-09-11 16:45:00,0.3727391521172574,0.39484178687746274,0.3727391521172574,0.39254365222708576,0.06406848062953965,Thin,-6852.642064476121,-15949.051288205084,-87144.11695927253,6280.725344126612,11088.665557498718,27503.04495155606
2026-09-11 17:00:00,0.3923369374744844,0.41482999946443677,0.3895672818142458,0.3911913779898471,0.05063574280129315,Thin,-6454.86154282278,-13899.48123156215,-85302.05688579833,5428.538088741133,10252.521708371374,27194.57263561515
2026-09-11 17:15:00,0.39124464410588466,0.4076986101228723,0.38656444144090757,0.38656444144090757,0.05071613525504395,Thin,-6122.225806066766,-12761.910152371278,-79999.03679883102,4752.573126444939,9187.356547018248,23861.547834342735
2026-09-11 17:30:00,0.38658811495386514,0.393814109858363,0.38378427834217915,0.393814109858363,0.0525251711939521,Thin,-6631.334485700227,-14381.614786060265,-78435.3645238196,6005.124131367195,11032.804359128328,27073.766384256436
2026-09-11 17:45:00,0.39396192805023356,0.4028914669868136,0.39197256735475167,0.39421244774969944,0.03855636005899976,Thin,-8082.356835201291,-16821.704452537244,-82719.81136307919,8156.2360052015965,13530.476887678898,34446.47273861094
2026-09-11 18:00:00,0.3942228747164129,0.3942228747164129,0.39009843257497046,0.39029125678217047,0.03350046379478862,Thin,-8237.85157816252,-16837.143280033535,-79611.28532803884,6652.559684247236,12049.13984364664,34662.1003302431
2026-09-11 18:15:00,0.39033066084993745,0.3981872271448618,0.38698686689409095,0.38754894368141035,0.03179186004406853,Thin,-8909.562645965323,-21783.728971178603,-95314.86834382315,5984.081722124038,11134.355840670427,30905.987051766635
2026-09-11 18:30:00,0.38756145883302945,0.4002735519132292,0.3825684629816964,0.38322495246147964,0.03698326485826675,Thin,-7532.003280912723,-15601.80848939331,-90584.44916032469,5986.397699178475,10831.073947688888,28034.24202201916
2026-09-11 18:45:00,0.38179903453963476,0.3861088251469075,0.3627097834088582,0.3627097834088582,0.07310504456627151,Thin,-5185.333574873515,-11029.741655779384,-70864.14675982064,5294.473570465866,9303.792845082879,25356.582914411247
2026-09-11 19:00:00,0.3624561921790232,0.3775582092387141,0.35866774219492437,0.36482182330503043,0.07167685920114608,Thin,-5392.158669383323,-11652.81761607163,-82571.09046413245,5605.571473922543,9689.225937443935,25112.29368271747
2026-09-11 19:15:00,0.36480783460543764,0.37099935164509057,0.3586215989517044,0.36385057551788474,0.05244283210293874,Thin,-5446.981157363892,-14924.06977514123,-90480.0491156333,4895.366450634409,9184.445441366996,25403.286889825155
2026-09-11 19:30:00,0.3635410215265668,0.36359989580794394,0.355511932742411,0.36359989580794394,0.058065994907110376,Thin,-6394.416346290298,-16496.69283624999,-90658.02372470028,5342.514401384611,9983.058255024182,22856.131543813324
2026-09-11 19:45:00,0.36445669023443955,0.3744978667560319,0.36445669023443955,0.3744978667560319,0.04074329878560699,Thin,-7638.836175808553,-15065.553119900474,-86209.60334922516,6930.970784009137,12468.088973287231,26915.376571694615
2026-09-11 20:00:00,0.374497460978081,0.37713258527798743,0.374497460978081,0.37713258527798743,0.03365118273705279,Thin,-7883.293778943568,-15988.737570323729,-86084.14061090685,7948.572235837891,13784.066242851888,29041.419672894313
2026-09-11 20:15:00,0.37718773282179635,0.3820854727045941,0.36684699131256726,0.3720833470024228,0.04319411195531901,Thin,-5856.355128585643,-11032.827022583193,-31448.477239402517,7415.579417373024,11049.848965703584,20093.715883832447
2026-09-11 20:30:00,0.3719586868895897,0.3776755282574273,0.36406768795983324,0.36760869612394315,0.04002583832934614,Thin,-7931.718361235411,-14656.570404379005,-74949.73627574494,6507.9631642447775,11341.115321695162,30612.974935468686
2026-09-11 20:45:00,0.36749697908070256,0.37146418872610504,0.3632273932202247,0.3635472642135904,0.039385420814284935,Thin,-7740.7287592463035,-15138.341183288123,-81705.71734680029,7561.570626781147,12122.612305635646,24740.764223921477
2026-09-11 21:00:00,0.3635967062898477,0.3635967063005994,0.356799939551649,0.356799939551649,0.03774367333128252,Thin,-7419.822483578804,-15228.047967872604,-82928.25060351373,7147.476705898511,11772.531563877817,23016.802153017696
2026-09-11 21:15:00,0.35692827341585615,0.361237234060969,0.3568257956218234,0.361237234060969,0.03600432447057193,Thin,-8215.790364989798,-16107.431531077431,-88733.98160954393,6844.046352645372,11839.824008533327,23553.281846382615
2026-09-11 21:30:00,0.3612575115498274,0.36146313092898896,0.3612575115498274,0.36146313092898896,0.02463462468215143,Moderate,-8947.42425376751,-17115.600748354613,-89769.98812267273,7647.824616258232,12673.572454732393,24461.9030795608
2026-09-11 21:45:00,0.3614659551226629,0.3754909948091915,0.3614659551226629,0.3754909948091915,0.038104253860916835,Thin,-7434.155732005685,-21848.442248804848,-93069.2100272605,7977.66918550003,14545.923087589243,30132.964767807523
2026-09-11 22:00:00,0.37549686928835657,0.3773669081737493,0.3754446734286644,0.37573593087694274,0.030508376909714818,Thin,-8221.881311597524,-22943.92610073453,-94171.74384383394,8235.307984516552,14786.237805750901,30444.818831773304
2026-09-11 22:15:00,0.3767102208922732,0.3857365483369056,0.3767102208922732,0.37788854360085844,0.03562740243012197,Thin,-8326.013414252993,-17085.327066271017,-88168.56564200931,9822.41174867077,16556.745277082224,33965.72092568506
2026-09-11 22:30:00,0.376293218903336,0.3981529452891205,0.376293218903336,0.3948845782040314,0.039755418438977806,Thin,-8171.45354989925,-25998.961820185727,-96254.58725514993,7348.444249214981,14726.137002907906,37171.46345645792
2026-09-11 22:45:00,0.39505606570496316,0.4074363582034307,0.39505606570496316,0.4074363582034307,0.03811657403962163,Thin,-7627.365655750245,-23164.823478022496,-91039.01009229867,7497.513105019889,14004.327132586815,38008.62517027281
2026-09-11 23:00:00,0.40808270867126634,0.41567185783962557,0.40808270867126634,0.41566503179434316,0.034214591845700505,Thin,-14377.999979175693,-32787.97683784435,-100060.12806004097,8471.439713958802,15146.507049674614,39276.396116097516
2026-09-11 23:15:00,0.4160485706290325,0.42169955917882995,0.413532134791729,0.41654052484955484,0.032691876944322386,Thin,-8493.488235855268,-17411.05006725341,-83279.40102125189,8735.557481338801,15347.237070414967,38591.61291501718
2026-09-11 23:30:00,0.4167769261017298,0.4186899636602181,0.4145821956760682,0.41721641309047514,0.029096101164976407,Moderate,-7815.454759762342,-17144.607545774772,-82273.38914707553,8187.909690165107,15159.058292527092,39054.48074000617
2026-09-11 23:45:00,0.41722871216583846,0.41726947774553713,0.3898905724736439,0.4045391895453831,0.03637912732160644,Thin,-9209.050528883641,-16712.94827386783,-74707.05404961684,7351.960628550213,14011.750331853948,42260.692247830644
2026-09-12 00:00:00,0.40445443266170644,0.4073600865671111,0.4011473051465698,0.4073600865671111,0.03473462367771145,Thin,-8421.86987444628,-16246.232175317402,-85029.69209083998,8339.684308373464,15188.809849208848,38587.499245211875
2026-09-12 00:15:00,0.40738939550415837,0.4088167840359427,0.40563286420137046,0.4087383703378307,0.0261218131543288,Moderate,-7976.891049988087,-16981.96758292084,-84591.00219588446,8395.510101865908,15071.930909695022,37742.299463088784
2026-09-12 00:30:00,0.4088284994195629,0.4108400505828945,0.4088284994195629,0.4108400505828945,0.02611175310532172,Moderate,-8461.21079371445,-19784.325699322155,-87804.43888309642,15030.118464747118,22080.652929518077,44474.722941529944
2026-09-12 00:45:00,0.41085923665644486,0.4170831568245697,0.41085923665644486,0.4170831568245697,0.03212147535045688,Thin,-8720.245451825533,-26101.50545379911,-93144.242088153,9962.119545662812,17737.20689157711,41685.59621742486
2026-09-12 01:00:00,0.4175693087694944,0.4257673614202492,0.41386231956863595,0.41386231956863595,0.03243143819372309,Thin,-10219.774438975288,-18400.865832771204,-68040.42288474843,9086.247805407706,16213.59748073372,46501.64225021716
2026-09-12 01:15:00,0.4137794598494546,0.4137794598494546,0.4067553520325034,0.408865365869584,0.026877948506116404,Moderate,-9381.068294094799,-19101.37701190477,-86463.1518529504,10046.58662560144,16889.91298579205,48513.24734367681
2026-09-12 01:30:00,0.40913040688096813,0.4109965126214464,0.40913040688096813,0.4109965126214464,0.024749431669759358,Moderate,-8625.446840942826,-20557.83410905731,-88536.29395015878,11248.717092969764,18372.999133214664,49842.06077779545
2026-09-12 01:45:00,0.41099752060701567,0.4114852327475499,0.39109704751931135,0.39109704751931135,0.03279018270211524,Thin,-8886.849511676131,-16641.465200069986,-70020.19740175972,7482.782480141378,12932.267180702465,29385.87659405016
2026-09-12 02:00:00,0.390964235838287,0.390964235838287,0.38101136254919094,0.3813654947974283,0.03223512434434774,Thin,-9242.233920511491,-16115.290808098194,-78390.20738931872,6396.847756257729,11295.120016132982,34013.33516827575
2026-09-12 02:15:00,0.3814454819257406,0.38498716495662655,0.3814454819257406,0.38498716495662655,0.025253165796239374,Moderate,-7778.593598724896,-14852.425391081943,-80758.58927431138,8214.605197918369,13419.271196866639,34985.47014501679
2026-09-12 02:30:00,0.3850199662607856,0.3866417869087648,0.3850199662607856,0.3866417869087648,0.02583929345279501,Moderate,-7578.5151043032865,-14848.494779068495,-81627.53011264576,11792.919354986014,17122.901876214233,38206.97792756319
2026-09-12 02:45:00,0.3867237761193917,0.39123624626842085,0.3867237761193917,0.3912362424235161,0.03683378225171541,Thin,-8200.081141826473,-16146.389092453166,-86728.26635880665,7439.041696264885,13119.087663088863,32182.828409489754
2026-09-12 03:00:00,0.3912382801654425,0.3936033250981167,0.3912382801654425,0.3936033250981167,0.029569237133666482,Moderate,-8874.980961867474,-19299.723139686805,-89708.96173994556,12537.54986601382,18293.499806252028,36491.25112725033
2026-09-12 03:15:00,0.3936177960122333,0.3936177960122333,0.38857426524510474,0.38857426524510474,0.02961032072517029,Moderate,-9473.5698066804,-17138.396727982825,-86244.49131634721,6622.753393483225,12242.538653174945,33017.670844759625
2026-09-12 03:30:00,0.38829610863311725,0.388485226440281,0.3856175210552113,0.3856175210552113,0.03812579692112475,Thin,-8697.384505024,-15911.798730963854,-82451.79189488405,9539.382721324448,14838.206967653095,32563.1588794326
2026-09-12 03:45:00,0.38554836449031876,0.3868968201282546,0.3849509622818893,0.3868968201282546,0.030424932773335422,Thin,-7324.1515957113115,-14877.645368482055,-82687.03032296686,7965.906467899509,13664.99503919985,31649.15389548591
2026-09-12 04:00:00,0.3869044733584294,0.39112907066172725,0.3869044733584294,0.38805866660388694,0.03162391893938206,Thin,-9710.055742917983,-17342.926914884003,-86067.6647103615,6575.835505153678,12339.092974041321,29989.1808632854
2026-09-12 04:15:00,0.3880578058280581,0.3880578058280581,0.3746097552086401,0.376081301978001,0.03614669262532487,Thin,-7894.680394378685,-14696.8044658885,-70701.19500822334,6994.444794588018,11971.064387248272,33495.891876446294
2026-09-12 04:30:00,0.37625412697279725,0.3832788029649756,0.37625412697279725,0.3832788029649756,0.034516752110006,Thin,-8237.221123904299,-15627.42231786856,-88390.48328783904,7500.459550207121,13345.068823178457,33964.33669025166
2026-09-12 04:45:00,0.38342950885554705,0.3894977475163194,0.38342950885554705,0.3878410972246104,0.03107612266600506,Thin,-9233.33072672266,-21841.700590964174,-94191.52547080304,6962.639447794118,13217.810033025884,32366.0083785167
2026-09-12 05:00:00,0.3878715278086888,0.39884654943078474,0.3878656476809044,0.39884654943078474,0.03443182575682595,Thin,-8136.083155456535,-15617.340335484872,-84686.78841003441,8341.65999902543,15273.60505626676,38028.793386147525
2026-09-12 05:15:00,0.398895801028394,0.398895801028394,0.3880998094101735,0.3880998094101735,0.03212231446032661,Thin,-9529.5223063244,-17486.20866797374,-77392.60159460743,6975.96890643625,13082.059432293869,39622.83676260672
2026-09-12 05:30:00,0.3881023014416485,0.3881023014416485,0.3862595618041085,0.3865380928736317,0.035953676830121406,Thin,-8729.704972306878,-16844.52351370564,-84965.99849342629,12193.795972183752,18431.665119923564,41722.44097576263
2026-09-12 05:45:00,0.3865502727173266,0.39819450300574155,0.38200780701213766,0.39819450300574155,0.03527495354931014,Thin,-7095.4876417366895,-13434.157994889554,-34426.383943777466,6886.411389434409,13051.195317310394,28943.16377335087
2026-09-12 06:00:00,0.3982527593455338,0.3982527593455338,0.3830424055706096,0.3830527684726023,0.035171828881949606,Thin,-9702.59654731015,-17638.967932150386,-90764.4002954921,8329.752808742487,14257.51476753168,34461.93704686599
2026-09-12 06:15:00,0.3826883863894824,0.3826883863894824,0.38225206336961326,0.382307674079122,0.0260592727357428,Moderate,-10987.567298935382,-18866.193854380017,-91135.75630588083,8428.458236758039,14263.946957602502,34697.352413037115
2026-09-12 06:30:00,0.3823076740798314,0.3823076740798314,0.38101696731625584,0.38101696731625584,0.02727052390381903,Moderate,-8698.661459246356,-16546.614554380343,-87549.71288654605,7044.397207986818,12733.380806131734,33563.68790051794
2026-09-12 06:45:00,0.38102122411797734,0.39160364951568205,0.38093602855489067,0.3863985900010983,0.03202005985141865,Thin,-8687.362065992163,-16741.58106915783,-84162.08989680343,10172.981971290337,16366.962530548564,39441.255437572836
2026-09-12 07:00:00,0.3863583150289209,0.3863583150289209,0.38497859890657044,0.38497859890657044,0.02686574172965217,Moderate,-8751.115251320425,-16864.045852252762,-83127.90978807084,8261.775138397279,14418.691359938102,38229.75128057728
2026-09-12 07:15:00,0.3846310815982376,0.3846310815982376,0.3762620230320595,0.3762620230320595,0.02557787799403326,Moderate,-9773.874847706982,-17924.528995976438,-75035.27940650271,8350.242913559032,13648.531568141882,39678.171508948224
2026-09-12 07:30:00,0.3758492376396207,0.3772757147169759,0.3569169877652639,0.3684086578670891,0.044358108089760595,Thin,-7881.8080041954,-15621.880306461315,-80660.19549200317,6814.626839072979,12139.788860273282,29060.431907341823
2026-09-12 07:45:00,0.3682893733962001,0.3682893733962001,0.3580713981970249,0.3583455825871407,0.03728531965920956,Thin,-9058.275596928508,-15879.01665411628,-71377.31634144609,5900.701676448071,11197.641829415783,31387.15647672819
2026-09-12 08:00:00,0.358914312546661,0.3714421386663717,0.3586753172292916,0.36158161218500173,0.0416339080179506,Thin,-7471.7194978718135,-15099.465546129064,-89031.29939387513,7207.186297291628,12399.672498322558,27351.25854730999
2026-09-12 08:15:00,0.36132287691346227,0.38002213169286797,0.3610721642916374,0.3751252570143534,0.03603473312921281,Thin,-7999.12249969309,-15766.696306994289,-79036.54552215309,6859.596187011944,12599.238126987919,29288.62710956893
2026-09-12 08:30:00,0.37467920287415074,0.37840272972618844,0.36667247173696266,0.3670704697387892,0.04064225673449182,Thin,-8908.335270227704,-16602.994633591436,-72336.05584817436,6687.66889147737,12005.909717802864,33377.8012279966
2026-09-12 08:45:00,0.36682352961473896,0.3736045601318456,0.3623652428880224,0.36732851144445333,0.054116641897756335,Thin,-8757.030563741144,-16725.167497472397,-81455.73202947152,6954.203062953556,12541.410050570958,27339.59148148535
2026-09-12 09:00:00,0.36715895993658376,0.36715895993658376,0.3623800901786894,0.36297104102040506,0.034270442781404634,Thin,-6378.3790146813,-12711.34744061097,-38941.265675587725,7680.349206537987,11912.05895229271,21118.11785041319
2026-09-12 09:15:00,0.3627714440457621,0.37058284084658555,0.360943607367174,0.360943607367174,0.042826313862954546,Thin,-7975.031294716656,-14982.311227598135,-88137.34552870762,7240.663585700594,12596.594401726521,27986.744234204856
2026-09-12 09:30:00,0.36106196907624577,0.3611241567321189,0.36106196907624577,0.3610959444504745,0.025092678194541973,Moderate,-8947.507487691819,-16122.723906418652,-89484.62062435561,8106.738009274655,13438.045128005493,28767.81986646143
2026-09-12 09:45:00,0.36109603236982085,0.3695525860923446,0.36109603236982085,0.3617573435782238,0.0416815081566003,Thin,-7357.581248045026,-15401.800765038972,-89029.39983477196,7206.660276435912,12621.394112317334,27965.105897198617
2026-09-12 10:00:00,0.36177206138757123,0.3685300698126547,0.36177206138757123,0.3654913328600272,0.0473548156465871,Thin,-5469.691260708662,-11301.804095727983,-34571.29986544242,5840.567168434896,9933.521215445353,19636.827656383346
2026-09-12 10:15:00,0.3652877041289628,0.3652877041289628,0.36345042467576905,0.36345042467576905,0.0321845777921308,Thin,-7680.106663628404,-17551.280113248373,-89533.7801987835,10684.80897543285,15882.95638116418,30126.249400122295
2026-09-12 10:30:00,0.3632889542719934,0.3632889542719934,0.3612036437164017,0.36126126430168815,0.029184292382187494,Moderate,-9976.843636558928,-19044.088265217248,-98003.88890159658,9242.06530744046,15304.49325506489,32668.469328618485
2026-09-12 10:45:00,0.36127371264373065,0.36127371264373065,0.36101319000677173,0.36101319000677173,0.024920302746052503,Moderate,-10290.303746247966,-19333.343419992005,-99474.27465568218,9324.366843500999,15627.554800871918,33474.75490968784
2026-09-12 11:00:00,0.3610100371367869,0.36102391833893394,0.3608608960043563,0.3608608960043563,0.01954829527860984,Moderate,-9741.266131872711,-18769.23451601672,-98755.93240316866,8797.84127003901,15079.454490914923,32967.84010114644
2026-09-12 11:15:00,0.3608650536585932,0.36086805460367827,0.36049564236983433,0.36049564236983433,0.01752916082930911,Moderate,-9609.055765477737,-18673.430586462877,-98543.56915040377,8529.090776325187,14730.982694721703,32684.75270911148
2026-09-12 11:30:00,0.3604664094361682,0.3604664094361682,0.3528331999709231,0.3536162709341729,0.03345909501165343,Thin,-9587.251461329834,-18097.570413981368,-97854.36967231365,7404.217697677707,13554.490462787326,29702.781100462165
2026-09-12 11:45:00,0.35287145571014017,0.35287145571014017,0.3518177053464867,0.35269910626553996,0.02735321346859516,Moderate,-12406.326121466027,-21323.84309901355,-99502.08412588021,8536.869354617744,14494.515029716384,30974.602898080582
2026-09-12 12:00:00,0.35272147632391704,0.35281817721547504,0.3527143834202455,0.35281817721547504,0.019472254926982614,Moderate,-10652.521800614435,-19676.86303322309,-97811.7866742043,7963.68835812532,13983.057106255636,30422.367072579116
2026-09-12 12:15:00,0.35283535217585166,0.3547452677414629,0.35283535217585166,0.3547452677414629,0.021998256617572445,Moderate,-11552.738010559267,-21251.07422048967,-100697.24994494572,9978.155851771056,16499.75536069584,32355.369967643273
2026-09-12 12:30:00,0.3547229236073762,0.3551107487415618,0.35458922848201146,0.3551107487415618,0.014832787499932934,Moderate,-12563.931504062162,-22540.871886355664,-101581.73116469361,13524.797161513452,20143.336460229628,35927.6313933511
2026-09-12 12:45:00,0.3551211027453205,0.37077840805153717,0.3551211027453205,0.3707462496862081,0.028200573705452037,Moderate,-10007.048660485245,-21644.86044065349,-99514.45986150413,11457.941369011296,20515.20271640676,41780.945967515
2026-09-12 13:00:00,0.37065881998924105,0.37065881998924105,0.3678428019848623,0.36791666481544727,0.01906510017562757,Moderate,-11581.69699360311,-21172.703628131352,-98799.22827963246,10340.593434771663,19082.246445799658,39687.59571301461
2026-09-12 13:15:00,0.3679728145106457,0.3679728145106457,0.36660227802031464,0.36660227802031464,0.017893599976731834,Moderate,-13897.184703602774,-23801.294283965068,-99771.00571760566,10251.001964074601,18698.055727343708,39377.21856560856
2026-09-12 13:30:00,0.36687109902455606,0.3672035104395022,0.3668652886894404,0.3672035104395022,0.016537178956658318,Moderate,-14330.194634543355,-23792.890617066452,-99861.7020913006,10950.982400820834,19731.42124464807,39722.67702323107
2026-09-12 13:45:00,0.3672201028391524,0.36801163854047053,0.3672201028391524,0.36801163854047053,0.017298883505137176,Moderate,-14670.80030965067,-24294.799173873686,-101127.2552744765,12409.407410898937,21539.59081957415,41967.37390598947
2026-09-12 14:00:00,0.3680207066528116,0.3680665133769607,0.3680203645016735,0.3680665133769607,0.014329145026668799,Moderate,-14150.784459039049,-24259.965813404007,-101530.45909093636,12301.492297428033,21848.154056413572,42273.122159427505
2026-09-12 14:15:00,0.36811436983239926,0.3684310652381803,0.361610245126935,0.36749602493330075,0.02261559745799291,Moderate,-10899.597339460013,-19272.17296827849,-46997.660606887235,10866.221205879383,18459.645529850335,31529.443669594428
2026-09-12 14:30:00,0.3676690118802041,0.3684924700865977,0.36166747158977514,0.36166747158977514,0.022416155509342506,Moderate,-13790.96859997966,-24887.610581197685,-103104.05681857605,12484.79836776076,19457.16744488097,36713.86867483659
2026-09-12 14:45:00,0.3615971599746695,0.36352680710715024,0.35798313654960445,0.35798313654960445,0.019987029777913622,Moderate,-14626.13532466665,-24631.211369271172,-99651.17006486132,8734.16228730295,14948.277710701324,29174.303740572243
2026-09-12 15:00:00,0.35797337581439787,0.35797337581439787,0.3540572732712102,0.3540572732712102,0.019780554637253235,Moderate,-15185.815736106319,-25167.926272908277,-97414.70836542868,12681.37747108056,18844.073500173978,33822.778464164556
2026-09-12 15:15:00,0.3539868463304088,0.3648025568865576,0.35325402280186197,0.3613917803177661,0.03057333472149293,Thin,-9877.076425632822,-18483.868620176432,-47734.162997458596,10601.620846642336,17116.89186483151,28122.00109568476
2026-09-12 15:30:00,0.36074861082053683,0.36074861082053683,0.35502717126918637,0.355326994107714,0.022959018526163444,Moderate,-11101.993403867484,-20952.767263560705,-94358.7829996337,10657.12404807785,16984.18361643414,31780.786265705825
2026-09-12 15:45:00,0.35532386738426086,0.35532386738426086,0.3543748191239237,0.354384458894642,0.017578894616925966,Moderate,-15343.236966556931,-25616.037891028747,-97942.68752829988,13557.253686573935,19809.908635371205,34813.8648081577
2026-09-12 16:00:00,0.3544245119111099,0.3544245119111099,0.3537096773819452,0.35371212054278695,0.017277788146204287,Moderate,-15675.68745958035,-26092.29759698196,-97326.75357983468,12203.245927635639,18435.969666466746,33637.11711656672
2026-09-12 16:15:00,0.35369136392818556,0.35369136392818556,0.3525535985986186,0.3525535985986186,0.015187622940347811,Moderate,-16328.114876996138,-26849.8967191844,-96912.70032331886,10386.143298294797,16185.345545181568,31849.043783184832
2026-09-12 16:30:00,0.3525197510588682,0.3640794851242946,0.3521950171054529,0.3590830088813444,0.024063354094936297,Moderate,-12586.260626504534,-22206.07748927317,-88216.12754532993,11632.516129347332,19025.589076614564,32948.18969352899
2026-09-12 16:45:00,0.3591230007229251,0.359399116254537,0.3563784523369839,0.3563784523369839,0.0178549177885452,Moderate,-12605.110178726643,-23149.068493852712,-88024.56486709078,12562.604759344447,19631.17013417717,33269.75854624361
2026-09-12 17:00:00,0.35639807043636007,0.3570500629333355,0.3563960924418928,0.35688527063120035,0.01458250586779206,Moderate,-13616.243590983464,-24246.382367264603,-89622.8417501936,19353.713945735606,26774.53524443426,40857.65086469818
2026-09-12 17:15:00,0.3568943583166046,0.35694343363326275,0.3565881461066046,0.3565881461066046,0.016251484264769078,Moderate,-13654.87334948533,-24022.012819092153,-87791.50914664604,18600.220343863177,25653.504283054586,39066.591457840026
2026-09-12 17:30:00,0.3565459045544983,0.3565459045544983,0.3549433265181776,0.3549433265181776,0.016537650006696204,Moderate,-14846.252138442664,-26874.115911408586,-104841.0611060421,14103.28055840091,20743.056989444092,35196.40784616095
2026-09-12 17:45:00,0.35494100492956243,0.35494100492956243,0.3542670122217856,0.3542670122217856,0.015407270185995747,Moderate,-14522.27580207421,-25964.012735387947,-103927.33990035256,12266.452619104766,18733.110329011473,33309.96642719678
2026-09-12 18:00:00,0.3539533033845245,0.3539533033845245,0.3517504970955432,0.3517504970955432,0.013728749244496852,Moderate,-16627.890839441698,-28318.858141358738,-105620.81947172697,9625.889827223427,15462.403050721157,31400.602951042154
2026-09-12 18:15:00,0.35159714528269903,0.35159714528269903,0.34785333040424193,0.34785333040424193,0.022728131024359444,Moderate,-14246.383770295684,-25593.51892416892,-97110.28186461954,12163.88855626951,17237.41255066222,35473.51761493299
2026-09-12 18:30:00,0.3478617537044212,0.3480618432104299,0.3478617537044212,0.34800452987208774,0.01400397565018332,Moderate,-13942.528379638043,-26350.035284483405,-105988.44293808407,12881.693209511763,18041.89280805825,32207.119371010045
2026-09-12 18:45:00,0.347978702352634,0.3481746613621557,0.3479002696636221,0.34815791548162356,0.013491107039061378,Moderate,-14579.168152435454,-26190.21889742966,-101867.57073786316,15496.206679876088,20685.880981874296,34796.31498995549
2026-09-12 19:00:00,0.3481601981910887,0.3484257817153081,0.3481601981910887,0.3484034318477439,0.013227460975432592,Moderate,-14801.397828588912,-26816.598776726627,-102987.67735528726,17010.466649603703,22260.94814777837,36282.39616399232
2026-09-12 19:15:00,0.34840274033135354,0.3501663642184269,0.34840274033135354,0.3501663642184269,0.01572391173604153,Moderate,-12199.951880035833,-26422.48756666313,-102345.70269592237,23922.64724570448,29558.76288190585,42933.017636476405
2026-09-12 19:30:00,0.3501034642546493,0.3501034642546493,0.3497147555290275,0.34973681310938654,0.011206939339322153,Moderate,-13926.022544396106,-27716.539590952616,-103997.84065924167,26932.945185163422,32476.496646735846,46013.09520874025
2026-09-12 19:45:00,0.34973511453341327,0.34973511453341327,0.34953902482342863,0.34954021477792724,0.012562601379702311,Moderate,-13963.058876940844,-26628.900888870172,-102513.97593774032,23671.060123973977,29504.886514514277,42653.720840420145
2026-09-12 20:00:00,0.3495556537545061,0.34965109559603175,0.3495472724967894,0.34965109559603175,0.010798393485138691,Moderate,-14469.709861310965,-27571.875563370468,-102842.64884709148,25877.243911009657,32484.457270018815,45979.73732217075
2026-09-12 20:15:00,0.34961763715937005,0.34961976666042077,0.34961763715937005,0.34961976666042077,0.007176344278108227,Reliable,-14802.0862851888,-27815.740207719027,-103079.24390146103,27301.633854258987,33821.912320131625,47057.66817164035
2026-09-12 20:30:00,0.3496409179223286,0.34988572689690534,0.3496409179223286,0.3498805932340757,0.0083393204553174,Reliable,-13870.870673217809,-27128.273569384535,-102382.91673334429,27295.257430414014,33906.91361120427,47057.70248576993
2026-09-12 21:00:00,0.349850711947971,0.34992900164755597,0.33609171411031574,0.3431077180952546,0.028712553257532192,Moderate,-12351.89247994102,-26220.686225717156,-99339.76324432447,11013.499423170264,15397.849499171734,27824.833522060555
2026-09-12 21:15:00,0.3430967366389118,0.3435066525147589,0.34160082400151887,0.3435066525147589,0.015796298911231,Moderate,-11551.73922388985,-20869.304779222268,-47145.2604016552,21744.904054478542,25874.71132881965,36071.09155910922
2026-09-12 21:30:00,0.3435445888684159,0.3475923812506448,0.33503210258665456,0.33503210258665456,0.02442956106124843,Moderate,-9515.328725773985,-22431.691834526744,-99039.0402366228,7643.556822571669,11640.096389028373,26020.961838774532
2026-09-12 21:45:00,0.33391588479749945,0.33391588479749945,0.30098815215046376,0.3085326716561629,0.06687531254409436,Thin,-6160.608876615087,-11714.549734323977,-84467.32213144032,6627.148575208371,10487.87208385737,24418.97114458206
2026-09-12 22:00:00,0.30801131983906577,0.3147588822813479,0.30613345301007,0.3073067791177987,0.042726145919721945,Thin,-7343.05786462781,-12282.350703108608,-84542.41753687456,6271.946354723398,10719.100424000257,26293.96079023383
2026-09-12 22:15:00,0.3072083090749407,0.3072083090749407,0.2828439371344558,0.29802504454604145,0.06904880406949765,Thin,-3998.231881898467,-7679.522921950324,-25667.09376748315,5541.293524786827,8627.690436029301,17164.892229068468
2026-09-12 22:30:00,0.2978099700543304,0.30159454622447596,0.29714972771689896,0.3015550927143129,0.04101605270470887,Thin,-7130.371412640088,-19656.709402262168,-87765.20075383509,6317.916338990494,10598.475089745136,26020.617295039083
2026-09-12 22:45:00,0.3014834853601994,0.30366819270548173,0.2970737738429505,0.30366819270548173,0.04734194448097617,Thin,-6215.979581748948,-13209.867225744461,-82222.02977259323,9888.775656572705,14361.16802734976,28781.015520687914
2026-09-12 23:00:00,0.3037293849662222,0.3037293849662222,0.2949574921557621,0.29514104133606145,0.04091682835016854,Thin,-8076.1878345720015,-12969.164895347538,-68424.98207753785,6392.457288553461,10558.112527154548,29374.448839045534
2026-09-12 23:15:00,0.2951301586664688,0.3012125757685149,0.2949196712218908,0.2982546675025245,0.027267017812352367,Moderate,-5813.702918435961,-10370.32931531799,-71303.2362327971,11509.232410217224,15628.321469778519,32505.71490222622
2026-09-12 23:30:00,0.29819411096992104,0.30201566545728614,0.2975765544001429,0.3017956238336629,0.03933443174877883,Thin,-8014.546623824422,-12742.441396778486,-80633.84559525942,8212.720728525172,12827.107868602463,28218.65863577709
2026-09-12 23:45:00,0.30178864759726054,0.30178864759726054,0.300096171430112,0.30056429418679764,0.023537634064604497,Moderate,-9365.820004981271,-13704.936886149608,-79706.15682172017,6258.706843917207,10435.865470483137,23165.033407151972
2026-09-13 00:00:00,0.30060782406453573,0.3022515602038861,0.30060782406453573,0.3022515602038861,0.02268466339852342,Moderate,-7723.171693913935,-12824.777445537231,-80288.609086542,8198.309056593313,12396.921523469613,27078.883463452974
2026-09-13 00:15:00,0.30226759534247827,0.3078234398056836,0.30226759534247827,0.3073670222382825,0.0333430327357445,Thin,-7247.380486869046,-11386.81648609408,-80315.58765495887,7444.5147780889365,11894.474545706134,27475.253544296444
2026-09-13 00:30:00,0.3073670238297455,0.3077016268437305,0.30541937623638216,0.30541937623638216,0.02228636757777036,Moderate,-9976.675758417567,-14702.239465685001,-80746.65190521625,5839.566569144664,10579.682677334431,27814.139150991192
2026-09-13 00:45:00,0.3054207946681131,0.3057437377711219,0.3054207946681131,0.3057437377711219,0.020469585178465442,Moderate,-11222.198120489355,-16024.83962714679,-82849.82822296543,6413.079684282916,11149.932892891968,28227.585251775643
2026-09-13 01:00:00,0.3057464478421578,0.3174483858920251,0.3057464478421578,0.31622331352275573,0.03328170486401932,Thin,-6571.429280720124,-22397.171370952547,-96019.78828397284,9079.44601559986,14418.438521924665,29262.545791227218
2026-09-13 01:15:00,0.3164207236740953,0.32683471671836256,0.316414972254505,0.3262100379672735,0.03907888113246828,Thin,-10739.369960125185,-25453.9476594209,-98198.44983395535,8802.640254748252,15109.33570925242,35192.07141250972
2026-09-13 01:30:00,0.32596964983263954,0.3272529078854147,0.3141402741192104,0.3141512321230298,0.02177146547216723,Moderate,-12925.692151409563,-26397.889056069227,-95635.3272235889,9922.141048888278,15766.90994751794,39632.48287180615
2026-09-13 01:45:00,0.31414844662783664,0.31414844662783664,0.29967214084591964,0.3019619762417562,0.03985247245997536,Thin,-11008.352591281926,-18303.49037508379,-77465.86318259675,9062.406671190405,13500.768481095429,36794.93087038674
2026-09-13 02:00:00,0.3020298456566674,0.30932038336110457,0.3020298456566674,0.30932038336110457,0.03105983237169618,Thin,-9233.640799352315,-15987.149306129097,-83528.00846877787,11815.83999146077,17879.88241139054,38653.682211382
2026-09-13 02:15:00,0.30933501678151315,0.31078539188792204,0.30933501678151315,0.31078539188792204,0.02014235120947334,Moderate,-7842.332675742181,-14554.817785390016,-84080.37626725606,18185.913742000404,24487.510937545463,44940.81133114978
2026-09-13 02:30:00,0.31078605756982514,0.3110703850373283,0.31078605756982514,0.3109238295956229,0.019195008357230408,Moderate,-7612.21376338151,-14332.384835514491,-84085.06337753622,18193.979110167325,24501.378497556045,44888.35907343529
2026-09-13 02:45:00,0.3107823891262658,0.3107823891262658,0.29782784537701024,0.29782784537701024,0.029511082090122164,Moderate,-7695.740364118157,-16576.541100786217,-67741.18405157939,8114.958632163032,13006.210116025499,34934.32810713072
2026-09-13 03:00:00,0.29785764792482333,0.300850881765402,0.29785764792482333,0.3007010550211946,0.03385736196955305,Thin,-11717.40418120448,-19180.301426337937,-74632.68877794834,8033.294387570118,13563.690204593906,34020.12579552222
2026-09-13 03:15:00,0.3003933322532736,0.3003933322532736,0.2959885533879491,0.29681977673895843,0.03505397061262694,Thin,-9587.431213394944,-16926.20009713811,-81240.61863947917,11294.655646661166,16029.796741258551,34623.95293813466
2026-09-13 03:30:00,0.296813039957784,0.30090394492477673,0.2965496477567271,0.3005975985135448,0.029835963893790084,Moderate,-10657.986935406187,-17926.75349622603,-89290.79875328665,8007.490461679352,13630.70339504322,30417.818187626508
2026-09-13 03:45:00,0.30023811531872424,0.301152606199999,0.299459436783886,0.299459436783886,0.019763422242296436,Moderate,-10975.76263542247,-18370.59234984531,-85971.84555785242,6900.384063581551,12273.864810917563,29646.84463722618
2026-09-13 04:00:00,0.2993926894679391,0.2993926894679391,0.29540523775002453,0.29544876627011124,0.02024999628085444,Moderate,-12025.287916281231,-19078.5808248807,-81388.36933548088,11201.663578351952,16419.106737074388,36272.46437310448
2026-09-13 04:15:00,0.2954591053717845,0.29546013366998913,0.29467514636344205,0.29467514636344205,0.01772530028110375,Moderate,-12819.83565794963,-19717.356080592774,-89268.61926289223,10090.547644526843,14993.428344498012,31151.409792642637
2026-09-13 04:30:00,0.29466756298215885,0.2963864674299081,0.2946657711355454,0.2963864674299081,0.019797245725677027,Moderate,-8678.79094128521,-16736.96636511764,-87490.06251432022,10300.117557465344,16046.720188149122,31434.47563472955
2026-09-13 04:45:00,0.29628655781246743,0.29628655781246743,0.2962832421459342,0.2962832421459342,0.016819767348056146,Moderate,-11168.447475787414,-19094.617086672704,-89832.73086367159,13238.029883229176,18937.527578391204,34377.09561567768
2026-09-13 05:00:00,0.2958395737438876,0.2958395737438876,0.295780042875151,0.2957921573099814,0.014697662469448591,Moderate,-12404.208214982838,-18755.013923464816,-88108.14530988707,13481.146316643364,18874.5390067283,33508.022845004365
2026-09-13 05:15:00,0.29579510291881284,0.29579510291881284,0.29551059128702756,0.29551059128702756,0.014304358172963938,Moderate,-12551.006151093987,-18659.308383887128,-87961.06807311179,12778.424087569794,18031.724459605317,32613.924413819885
2026-09-13 05:30:00,0.2966100059940308,0.2981501685379461,0.2966100059940308,0.2981501685379461,0.015442368640679983,Moderate,-7902.168687160707,-13913.771240264334,-79295.78055041246,17686.7764887582,24576.332967838156,42049.433665363504
2026-09-13 05:45:00,0.2981497720511902,0.3019477498636921,0.2981496159039884,0.3019477498636921,0.03834561654503421,Thin,-8874.44131703564,-15419.425246820987,-85623.12980077366,9955.275811696305,15644.07689450631,31235.66959568038
2026-09-13 06:00:00,0.3019991275765523,0.30584824702849644,0.3019991275765523,0.30584824702849644,0.034019313546004966,Thin,-7173.674872353548,-19283.02668834278,-88936.66999411664,10749.147258743542,16530.37422656834,31299.03241565187
2026-09-13 06:15:00,0.30599041021374873,0.3062727188129011,0.3033724137720786,0.3033724137720786,0.02290514550884666,Moderate,-10258.29878385001,-19487.64184577961,-89929.23068961567,15556.439308055202,21037.453438828958,36154.608262938964
