block,log_index,ts,kind,tick_lower,tick_upper,amount
52418990,193,1791627327,burn,301800,302000,0
52418990,202,1791627327,burn,301800,302000,33982552240698513682
52418990,673,1791627327,mint,301800,302000,33982552240698513682
52418990,676,1791627327,burn,301800,302000,0
52419003,839,1791627353,burn,-887200,887200,72078806441918065
52419003,868,1791627353,mint,-887200,887200,72078806441918065
52419010,278,1791627367,burn,301800,302000,0
52419010,287,1791627367,burn,301800,302000,33982552240698513682
52419010,1036,1791627367,mint,301800,302000,33982552240698513682
52419010,1039,1791627367,burn,301800,302000,0
52419030,199,1791627407,burn,301800,302000,0
52419030,208,1791627407,burn,301800,302000,33982552240698513682
52419030,618,1791627407,mint,301800,302000,33982552240698513682
52419030,621,1791627407,burn,301800,302000,0
52419034,127,1791627415,burn,-887200,887200,72078806441918065
52419034,156,1791627415,mint,-887200,887200,72078806441918065
52419050,216,1791627447,burn,301800,302000,0
52419050,225,1791627447,burn,301800,302000,33982552240698513682
52419050,1010,1791627447,mint,301800,302000,33982552240698513682
52419050,1013,1791627447,burn,301800,302000,0
52419064,515,1791627475,burn,-887200,887200,72078806441918065
52419064,544,1791627475,mint,-887200,887200,72078806441918065
52419070,287,1791627487,burn,301800,302000,0
52419070,296,1791627487,burn,301800,302000,33982552240698513682
52419070,759,1791627487,mint,301800,302000,33982552240698513682
52419070,762,1791627487,burn,301800,302000,0
52419090,337,1791627527,burn,301800,302000,0
52419090,346,1791627527,burn,301800,302000,33982552240698513682
52419090,1088,1791627527,mint,301800,302000,33982552240698513682
52419090,1091,1791627527,burn,301800,302000,0
52419094,268,1791627535,burn,-887200,887200,72078806441918065
52419094,297,1791627535,mint,-887200,887200,72078806441918065
