tick,net
-887200,3.6267071407284544e+17
179400,5.738137291276e+12
219000,0
219400,0
220600,0
220800,0
221000,0
221200,-61
221600,0
222000,0
223200,-37
223400,277
223600,0
223800,0
224000,0
224400,0
224600,0
224800,0
225000,-507
225200,-499
225600,0
225800,0
226000,0
226200,0
226400,0
226600,1.5095082935141e+13
227400,0
227600,8
228000,-1.509508293504e+13
228200,0
228400,0
228600,30
228800,0
229200,0
229400,0
229600,126
229800,0
230000,0
230200,41
230400,0
230800,0
231000,0
231400,-6
231600,0
231800,0
232000,0
232200,0
232400,0
232600,6.95951227622e+12
232800,0
233000,307
234000,0
234200,0
234400,0
234600,0
235200,0
235400,0
235800,0
236000,0
236200,0
236400,0
236600,0
237000,0
237200,0
237400,0
238000,0
238200,0
238400,0
238600,0
239200,0
240800,0
242000,0
242400,0
242800,0
243000,1.01683526718002e+14
243200,0
243600,2.65780335377631e+14
243800,0
244000,0
244200,0
244400,-2.65780335377631e+14
244600,64
244800,0
245000,0
245200,0
245400,0
245600,0
245800,0
246000,0
246400,0
247000,-1.01683526718002e+14
247600,0
247800,0
248000,0
248200,1.04233381740819e+14
248400,0
248800,0
249200,0
249400,57
249600,0
249800,0
250000,0
250400,0
250600,0
250800,0
251000,0
251200,-27
251400,0
251600,0
251800,0
252000,0
252200,-16
252400,0
252600,0
252800,0
253000,0
253200,2.58777655358394e+14
253400,0
253600,0
253800,0
254000,8
254200,0
254400,0
254600,0
254800,7
255000,0
255200,0
255400,0
255600,-15
255800,4.50808708131809e+14
256000,0
256200,0
256400,0
256600,-4
256800,6.0845321409531e+13
257200,0
257400,0
257600,6.326443557078e+12
257800,-12
258000,0
258200,0
258400,20
258600,3.40271492351968e+14
258800,0
259000,16
259200,8
259400,9.32480219449e+11
259600,-2
259800,-16
260000,-36
260200,1.75395200713506e+15
260400,0
260600,0
260800,0
261000,0
261200,7.1129674504326e+13
261400,2.994424943867e+12
261600,-7.1129674504324e+13
261800,0
262000,0
262200,0
262400,0
262600,0
262800,0
263000,0
263200,0
263400,2.99437456756812e+14
263600,13
263800,0
264000,0
264200,0
264400,0
264600,9.60844691979e+11
264800,-6
265000,6.4507170687e+10
265200,79
265400,4.14774703910206e+14
265600,6.4095848619989e+13
265800,-10
266000,41
266200,2.188923375323694e+15
266400,4.8954715767464e+13
266600,-4.8954715767535e+13
266800,3.2099899777509e+14
267000,-2.203018218577345e+15
267200,1.04241606012059e+14
267400,-40
267600,18
267800,9
268000,-6.0845321409534e+13
268200,79
268400,-13
268600,-36
268800,-3.20998997775076e+14
269000,1.478609162144e+12
269200,-3
269400,9.9234068696816e+13
269600,0
269800,-63
270000,1.145399083423184e+15
270200,251
270400,-31
270600,-4.50808708131968e+14
270800,6.210434709276e+13
271000,-1.146942199755734e+15
271200,255
271400,172
271600,85
271800,-6.32644355708e+12
272000,48
272200,-68
272400,-6.4095848619907e+13
272600,4.867912295990947e+15
272800,-17
273000,-1.62473645347939e+14
273200,73
273400,1.26868248564071e+14
273600,2.56663582247665e+14
273800,-16
274000,5.2603231374521e+14
274200,1.3626921706001e+13
274400,1.2332875512448904e+16
274600,-1.93294173578726e+15
274800,-6.2104347092895e+13
275000,-40
275200,1.821792142334e+12
275400,4.79659882650994e+14
275600,18
275800,48
276000,4.3056306748727e+13
276200,6.064094367543813e+15
276400,1.694312607366372e+16
276600,5.8703446439524e+14
276800,9.51245653519412e+14
277000,13
277200,1.198627288494164e+16
277400,1.211480476989672e+15
277600,-1.799099086009e+12
277800,487
278000,703
278200,152
278400,5.402517555944e+12
278600,-36
278800,-693
279000,1.418299328735113e+15
279200,-6.072875671962227e+15
279400,5.8551536034781e+13
279600,-1.2456304640976216e+16
279800,-4.52390616051339e+14
280000,-4.3056306748717e+13
280200,-2.56663582247562e+14
280400,24
280600,-5.87022135762536e+14
280800,-324
281000,1084
281200,16
281400,-1.2332875512449216e+16
281600,969
281800,-668
282000,0
282200,38
282400,130
282600,8
282800,-1.3626921705728e+13
283000,148
283200,-8.939787721956e+12
283400,111
283600,-22
283800,106
284000,-41
284200,292
284400,-3.061838808768177e+15
284600,1.21136907909112e+14
284800,1.89316363670768e+14
285000,-294
285200,2867
285400,-1.21136907910322e+14
285600,-4.3319388973908e+13
285800,863
286000,-3242
286200,-2156
286400,1.66031212040604e+14
286600,-1.66031212046038e+14
286800,8154
287000,3.5084462335992e+13
287200,8
287400,-394
287600,-512
287800,9.1676581703091e+13
288000,3254
288200,-3497
288400,-15096
288600,9.1188020135e+10
288800,-3143
289000,2.1478019132166e+13
289200,1.232012407385377e+15
289400,-1.195990585881809e+15
289600,-2.1417626747504e+13
289800,-9.1676581699751e+13
290000,-8122
290200,-9809
290400,2.26428450150507e+14
290600,-9.1188005894e+10
290800,4.673479097082143e+16
291000,9784
291200,2376
291400,-6.0392400191e+10
291600,7.448201314414512e+16
291800,4692
292000,4.36452736674892e+14
292200,-7.411856419292176e+16
292400,-1.175476032187968e+15
292600,-4866
292800,4224
293000,-1655
293200,-8400
293400,9.386011774351563e+16
293600,-6624
293800,1.332663452960288e+15
294000,-9.379659102508838e+16
294200,-3.98533413575456e+14
294400,-184
294600,-192
294800,8.56483165319166e+14
295000,-113
295200,1452
295400,-604
295600,4.931940770876e+12
295800,1.0114947220254e+13
296000,3.680488935838382e+15
296200,1.04479824662063e+14
296400,-1.4553007585830888e+16
296600,-20921
296800,-2.72846183e+08
297000,23275
297200,9.886176872893669e+16
297400,-4096
297600,22528
297800,2.09839378042e+11
298000,-9984
298200,3.82096785625344e+14
298400,-9.886033454649014e+16
298600,-1.332663453076992e+15
298800,10240
299000,1.7564196442672e+13
299200,1.0117829220438868e+16
299400,-4.31350735337984e+14
299600,7.568142259154432e+15
299800,37568
300000,4.3269372129665e+13
300200,78797
300400,3.587055580738304e+15
300600,2.532986822516608e+15
300800,-2.902813171687802e+17
301000,5.479744840384e+14
301200,-3.85611954761216e+14
301400,1.706659310357755e+17
301600,9.248064923474594e+15
301800,8.471531101384642e+19
302000,-8.471706129612476e+19
302200,6.8739677319456e+13
302400,-9.616263485137667e+16
302600,-8.462891034820504e+16
302800,-2.812258116644352e+15
303000,3.039939642008197e+17
303200,-6.010104093997056e+16
303400,-7.373752128586752e+15
303600,-5.81969318635264e+14
303800,-1.95824453499518e+14
304000,-2.586791578932e+12
304200,-120
304400,-4.921888616704e+12
304600,-1.597601778049536e+15
304800,-1
305000,-2.99437456756812e+14
305200,0
305400,0
305600,0
305800,0
306200,-2.012729662493391e+15
306400,-4.8201313004501e+13
306600,320
306800,0
307600,0
307800,0
308000,0
308400,0
308600,-8
308800,0
309000,0
309200,0
309600,0
309800,0
310000,-3.680488935849017e+15
310600,0
310800,0
311000,0
311200,0
311400,-32
311600,-6.1848510935e+12
311800,-2.706767711928485e+15
312200,0
312600,0
313200,-14
313800,0
314600,0
315200,0
315400,-4.36452736676358e+14
315600,0
317600,0
317800,0
318600,0
319000,0
319200,0
320600,-1
322400,-16
322600,0
324200,0
327400,0
329200,0
329600,0
334400,0
336200,0
336600,0
336800,0
345400,0
376400,0
379400,-5.738137291276e+12
390200,0
786400,0
886000,0
887200,-3.763807743133524e+17
